species_id,pokemon_id,name_ko,name_en,generation,is_legendary,is_mythical,types_en,types_ko,height_m,weight_kg,hp,attack,defense,special_attack,special_defense,speed,total,image_file,image_url
1,1,이상해씨,bulbasaur,generation-i,0,0,grass|poison,풀|독,0.7,6.9,45,49,49,65,65,45,318,data\images\0001_bulbasaur.png,https://raw.githubusercontent.com/PokeAPI/sprites/master/sprites/pokemon/other/official-artwork/1.png
2,2,이상해풀,ivysaur,generation-i,0,0,grass|poison,풀|독,1.0,13.0,60,62,63,80,80,60,405,data\images\0002_ivysaur.png,https://raw.githubusercontent.com/PokeAPI/sprites/master/sprites/pokemon/other/official-artwork/2.png
3,3,이상해꽃,venusaur,generation-i,0,0,grass|poison,풀|독,2.0,100.0,80,82,83,100,100,80,525,data\images\0003_venusaur.png,https://raw.githubusercontent.com/PokeAPI/sprites/master/sprites/pokemon/other/official-artwork/3.png
4,4,파이리,charmander,generation-i,0,0,fire,불꽃,0.6,8.5,39,52,43,60,50,65,309,data\images\0004_charmander.png,https://raw.githubusercontent.com/PokeAPI/sprites/master/sprites/pokemon/other/official-artwork/4.png
5,5,리자드,charmeleon,generation-i,0,0,fire,불꽃,1.1,19.0,58,64,58,80,65,80,405,data\images\0005_charmeleon.png,https://raw.githubusercontent.com/PokeAPI/sprites/master/sprites/pokemon/other/official-artwork/5.png
6,6,리자몽,charizard,generation-i,0,0,fire|flying,불꽃|비행,1.7,90.5,78,84,78,109,85,100,534,data\images\0006_charizard.png,https://raw.githubusercontent.com/PokeAPI/sprites/master/sprites/pokemon/other/official-artwork/6.png
7,7,꼬부기,squirtle,generation-i,0,0,water,물,0.5,9.0,44,48,65,50,64,43,314,data\images\0007_squirtle.png,https://raw.githubusercontent.com/PokeAPI/sprites/master/sprites/pokemon/other/official-artwork/7.png
8,8,어니부기,wartortle,generation-i,0,0,water,물,1.0,22.5,59,63,80,65,80,58,405,data\images\0008_wartortle.png,https://raw.githubusercontent.com/PokeAPI/sprites/master/sprites/pokemon/other/official-artwork/8.png
9,9,거북왕,blastoise,generation-i,0,0,water,물,1.6,85.5,79,83,100,85,105,78,530,data\images\0009_blastoise.png,https://raw.githubusercontent.com/PokeAPI/sprites/master/sprites/pokemon/other/official-artwork/9.png
10,10,캐터피,caterpie,generation-i,0,0,bug,벌레,0.3,2.9,45,30,35,20,20,45,195,data\images\0010_caterpie.png,https://raw.githubusercontent.com/PokeAPI/sprites/master/sprites/pokemon/other/official-artwork/10.png
11,11,단데기,metapod,generation-i,0,0,bug,벌레,0.7,9.9,50,20,55,25,25,30,205,data\images\0011_metapod.png,https://raw.githubusercontent.com/PokeAPI/sprites/master/sprites/pokemon/other/official-artwork/11.png
12,12,버터플,butterfree,generation-i,0,0,bug|flying,벌레|비행,1.1,32.0,60,45,50,90,80,70,395,data\images\0012_butterfree.png,https://raw.githubusercontent.com/PokeAPI/sprites/master/sprites/pokemon/other/official-artwork/12.png
13,13,뿔충이,weedle,generation-i,0,0,bug|poison,벌레|독,0.3,3.2,40,35,30,20,20,50,195,data\images\0013_weedle.png,https://raw.githubusercontent.com/PokeAPI/sprites/master/sprites/pokemon/other/official-artwork/13.png
14,14,딱충이,kakuna,generation-i,0,0,bug|poison,벌레|독,0.6,10.0,45,25,50,25,25,35,205,data\images\0014_kakuna.png,https://raw.githubusercontent.com/PokeAPI/sprites/master/sprites/pokemon/other/official-artwork/14.png
15,15,독침붕,beedrill,generation-i,0,0,bug|poison,벌레|독,1.0,29.5,65,90,40,45,80,75,395,data\images\0015_beedrill.png,https://raw.githubusercontent.com/PokeAPI/sprites/master/sprites/pokemon/other/official-artwork/15.png
16,16,구구,pidgey,generation-i,0,0,normal|flying,노말|비행,0.3,1.8,40,45,40,35,35,56,251,data\images\0016_pidgey.png,https://raw.githubusercontent.com/PokeAPI/sprites/master/sprites/pokemon/other/official-artwork/16.png
17,17,피죤,pidgeotto,generation-i,0,0,normal|flying,노말|비행,1.1,30.0,63,60,55,50,50,71,349,data\images\0017_pidgeotto.png,https://raw.githubusercontent.com/PokeAPI/sprites/master/sprites/pokemon/other/official-artwork/17.png
18,18,피죤투,pidgeot,generation-i,0,0,normal|flying,노말|비행,1.5,39.5,83,80,75,70,70,101,479,data\images\0018_pidgeot.png,https://raw.githubusercontent.com/PokeAPI/sprites/master/sprites/pokemon/other/official-artwork/18.png
19,19,꼬렛,rattata,generation-i,0,0,normal,노말,0.3,3.5,30,56,35,25,35,72,253,data\images\0019_rattata.png,https://raw.githubusercontent.com/PokeAPI/sprites/master/sprites/pokemon/other/official-artwork/19.png
20,20,레트라,raticate,generation-i,0,0,normal,노말,0.7,18.5,55,81,60,50,70,97,413,data\images\0020_raticate.png,https://raw.githubusercontent.com/PokeAPI/sprites/master/sprites/pokemon/other/official-artwork/20.png
21,21,깨비참,spearow,generation-i,0,0,normal|flying,노말|비행,0.3,2.0,40,60,30,31,31,70,262,data\images\0021_spearow.png,https://raw.githubusercontent.com/PokeAPI/sprites/master/sprites/pokemon/other/official-artwork/21.png
22,22,깨비드릴조,fearow,generation-i,0,0,normal|flying,노말|비행,1.2,38.0,65,90,65,61,61,100,442,data\images\0022_fearow.png,https://raw.githubusercontent.com/PokeAPI/sprites/master/sprites/pokemon/other/official-artwork/22.png
23,23,아보,ekans,generation-i,0,0,poison,독,2.0,6.9,35,60,44,40,54,55,288,data\images\0023_ekans.png,https://raw.githubusercontent.com/PokeAPI/sprites/master/sprites/pokemon/other/official-artwork/23.png
24,24,아보크,arbok,generation-i,0,0,poison,독,3.5,65.0,60,95,69,65,79,80,448,data\images\0024_arbok.png,https://raw.githubusercontent.com/PokeAPI/sprites/master/sprites/pokemon/other/official-artwork/24.png
25,25,피카츄,pikachu,generation-i,0,0,electric,전기,0.4,6.0,35,55,40,50,50,90,320,data\images\0025_pikachu.png,https://raw.githubusercontent.com/PokeAPI/sprites/master/sprites/pokemon/other/official-artwork/25.png
26,26,라이츄,raichu,generation-i,0,0,electric,전기,0.8,30.0,60,90,55,90,80,110,485,data\images\0026_raichu.png,https://raw.githubusercontent.com/PokeAPI/sprites/master/sprites/pokemon/other/official-artwork/26.png
27,27,모래두지,sandshrew,generation-i,0,0,ground,땅,0.6,12.0,50,75,85,20,30,40,300,data\images\0027_sandshrew.png,https://raw.githubusercontent.com/PokeAPI/sprites/master/sprites/pokemon/other/official-artwork/27.png
28,28,고지,sandslash,generation-i,0,0,ground,땅,1.0,29.5,75,100,110,45,55,65,450,data\images\0028_sandslash.png,https://raw.githubusercontent.com/PokeAPI/sprites/master/sprites/pokemon/other/official-artwork/28.png
29,29,니드런♀,nidoran-f,generation-i,0,0,poison,독,0.4,7.0,55,47,52,40,40,41,275,data\images\0029_nidoran_f.png,https://raw.githubusercontent.com/PokeAPI/sprites/master/sprites/pokemon/other/official-artwork/29.png
30,30,니드리나,nidorina,generation-i,0,0,poison,독,0.8,20.0,70,62,67,55,55,56,365,data\images\0030_nidorina.png,https://raw.githubusercontent.com/PokeAPI/sprites/master/sprites/pokemon/other/official-artwork/30.png
31,31,니드퀸,nidoqueen,generation-i,0,0,poison|ground,독|땅,1.3,60.0,90,92,87,75,85,76,505,data\images\0031_nidoqueen.png,https://raw.githubusercontent.com/PokeAPI/sprites/master/sprites/pokemon/other/official-artwork/31.png
32,32,니드런♂,nidoran-m,generation-i,0,0,poison,독,0.5,9.0,46,57,40,40,40,50,273,data\images\0032_nidoran_m.png,https://raw.githubusercontent.com/PokeAPI/sprites/master/sprites/pokemon/other/official-artwork/32.png
33,33,니드리노,nidorino,generation-i,0,0,poison,독,0.9,19.5,61,72,57,55,55,65,365,data\images\0033_nidorino.png,https://raw.githubusercontent.com/PokeAPI/sprites/master/sprites/pokemon/other/official-artwork/33.png
34,34,니드킹,nidoking,generation-i,0,0,poison|ground,독|땅,1.4,62.0,81,102,77,85,75,85,505,data\images\0034_nidoking.png,https://raw.githubusercontent.com/PokeAPI/sprites/master/sprites/pokemon/other/official-artwork/34.png
35,35,삐삐,clefairy,generation-i,0,0,fairy,페어리,0.6,7.5,70,45,48,60,65,35,323,data\images\0035_clefairy.png,https://raw.githubusercontent.com/PokeAPI/sprites/master/sprites/pokemon/other/official-artwork/35.png
36,36,픽시,clefable,generation-i,0,0,fairy,페어리,1.3,40.0,95,70,73,95,90,60,483,data\images\0036_clefable.png,https://raw.githubusercontent.com/PokeAPI/sprites/master/sprites/pokemon/other/official-artwork/36.png
37,37,식스테일,vulpix,generation-i,0,0,fire,불꽃,0.6,9.9,38,41,40,50,65,65,299,data\images\0037_vulpix.png,https://raw.githubusercontent.com/PokeAPI/sprites/master/sprites/pokemon/other/official-artwork/37.png
38,38,나인테일,ninetales,generation-i,0,0,fire,불꽃,1.1,19.9,73,76,75,81,100,100,505,data\images\0038_ninetales.png,https://raw.githubusercontent.com/PokeAPI/sprites/master/sprites/pokemon/other/official-artwork/38.png
39,39,푸린,jigglypuff,generation-i,0,0,normal|fairy,노말|페어리,0.5,5.5,115,45,20,45,25,20,270,data\images\0039_jigglypuff.png,https://raw.githubusercontent.com/PokeAPI/sprites/master/sprites/pokemon/other/official-artwork/39.png
40,40,푸크린,wigglytuff,generation-i,0,0,normal|fairy,노말|페어리,1.0,12.0,140,70,45,85,50,45,435,data\images\0040_wigglytuff.png,https://raw.githubusercontent.com/PokeAPI/sprites/master/sprites/pokemon/other/official-artwork/40.png
41,41,주뱃,zubat,generation-i,0,0,poison|flying,독|비행,0.8,7.5,40,45,35,30,40,55,245,data\images\0041_zubat.png,https://raw.githubusercontent.com/PokeAPI/sprites/master/sprites/pokemon/other/official-artwork/41.png
42,42,골뱃,golbat,generation-i,0,0,poison|flying,독|비행,1.6,55.0,75,80,70,65,75,90,455,data\images\0042_golbat.png,https://raw.githubusercontent.com/PokeAPI/sprites/master/sprites/pokemon/other/official-artwork/42.png
43,43,뚜벅쵸,oddish,generation-i,0,0,grass|poison,풀|독,0.5,5.4,45,50,55,75,65,30,320,data\images\0043_oddish.png,https://raw.githubusercontent.com/PokeAPI/sprites/master/sprites/pokemon/other/official-artwork/43.png
44,44,냄새꼬,gloom,generation-i,0,0,grass|poison,풀|독,0.8,8.6,60,65,70,85,75,40,395,data\images\0044_gloom.png,https://raw.githubusercontent.com/PokeAPI/sprites/master/sprites/pokemon/other/official-artwork/44.png
45,45,라플레시아,vileplume,generation-i,0,0,grass|poison,풀|독,1.2,18.6,75,80,85,110,90,50,490,data\images\0045_vileplume.png,https://raw.githubusercontent.com/PokeAPI/sprites/master/sprites/pokemon/other/official-artwork/45.png
46,46,파라스,paras,generation-i,0,0,bug|grass,벌레|풀,0.3,5.4,35,70,55,45,55,25,285,data\images\0046_paras.png,https://raw.githubusercontent.com/PokeAPI/sprites/master/sprites/pokemon/other/official-artwork/46.png
47,47,파라섹트,parasect,generation-i,0,0,bug|grass,벌레|풀,1.0,29.5,60,95,80,60,80,30,405,data\images\0047_parasect.png,https://raw.githubusercontent.com/PokeAPI/sprites/master/sprites/pokemon/other/official-artwork/47.png
48,48,콘팡,venonat,generation-i,0,0,bug|poison,벌레|독,1.0,30.0,60,55,50,40,55,45,305,data\images\0048_venonat.png,https://raw.githubusercontent.com/PokeAPI/sprites/master/sprites/pokemon/other/official-artwork/48.png
49,49,도나리,venomoth,generation-i,0,0,bug|poison,벌레|독,1.5,12.5,70,65,60,90,75,90,450,data\images\0049_venomoth.png,https://raw.githubusercontent.com/PokeAPI/sprites/master/sprites/pokemon/other/official-artwork/49.png
50,50,디그다,diglett,generation-i,0,0,ground,땅,0.2,0.8,10,55,25,35,45,95,265,data\images\0050_diglett.png,https://raw.githubusercontent.com/PokeAPI/sprites/master/sprites/pokemon/other/official-artwork/50.png
51,51,닥트리오,dugtrio,generation-i,0,0,ground,땅,0.7,33.3,35,100,50,50,70,120,425,data\images\0051_dugtrio.png,https://raw.githubusercontent.com/PokeAPI/sprites/master/sprites/pokemon/other/official-artwork/51.png
52,52,나옹,meowth,generation-i,0,0,normal,노말,0.4,4.2,40,45,35,40,40,90,290,data\images\0052_meowth.png,https://raw.githubusercontent.com/PokeAPI/sprites/master/sprites/pokemon/other/official-artwork/52.png
53,53,페르시온,persian,generation-i,0,0,normal,노말,1.0,32.0,65,70,60,65,65,115,440,data\images\0053_persian.png,https://raw.githubusercontent.com/PokeAPI/sprites/master/sprites/pokemon/other/official-artwork/53.png
54,54,고라파덕,psyduck,generation-i,0,0,water,물,0.8,19.6,50,52,48,65,50,55,320,data\images\0054_psyduck.png,https://raw.githubusercontent.com/PokeAPI/sprites/master/sprites/pokemon/other/official-artwork/54.png
55,55,골덕,golduck,generation-i,0,0,water,물,1.7,76.6,80,82,78,95,80,85,500,data\images\0055_golduck.png,https://raw.githubusercontent.com/PokeAPI/sprites/master/sprites/pokemon/other/official-artwork/55.png
56,56,망키,mankey,generation-i,0,0,fighting,격투,0.5,28.0,40,80,35,35,45,70,305,data\images\0056_mankey.png,https://raw.githubusercontent.com/PokeAPI/sprites/master/sprites/pokemon/other/official-artwork/56.png
57,57,성원숭,primeape,generation-i,0,0,fighting,격투,1.0,32.0,65,105,60,60,70,95,455,data\images\0057_primeape.png,https://raw.githubusercontent.com/PokeAPI/sprites/master/sprites/pokemon/other/official-artwork/57.png
58,58,가디,growlithe,generation-i,0,0,fire,불꽃,0.7,19.0,55,70,45,70,50,60,350,data\images\0058_growlithe.png,https://raw.githubusercontent.com/PokeAPI/sprites/master/sprites/pokemon/other/official-artwork/58.png
59,59,윈디,arcanine,generation-i,0,0,fire,불꽃,1.9,155.0,90,110,80,100,80,95,555,data\images\0059_arcanine.png,https://raw.githubusercontent.com/PokeAPI/sprites/master/sprites/pokemon/other/official-artwork/59.png
60,60,발챙이,poliwag,generation-i,0,0,water,물,0.6,12.4,40,50,40,40,40,90,300,data\images\0060_poliwag.png,https://raw.githubusercontent.com/PokeAPI/sprites/master/sprites/pokemon/other/official-artwork/60.png
61,61,슈륙챙이,poliwhirl,generation-i,0,0,water,물,1.0,20.0,65,65,65,50,50,90,385,data\images\0061_poliwhirl.png,https://raw.githubusercontent.com/PokeAPI/sprites/master/sprites/pokemon/other/official-artwork/61.png
62,62,강챙이,poliwrath,generation-i,0,0,water|fighting,물|격투,1.3,54.0,90,95,95,70,90,70,510,data\images\0062_poliwrath.png,https://raw.githubusercontent.com/PokeAPI/sprites/master/sprites/pokemon/other/official-artwork/62.png
63,63,캐이시,abra,generation-i,0,0,psychic,에스퍼,0.9,19.5,25,20,15,105,55,90,310,data\images\0063_abra.png,https://raw.githubusercontent.com/PokeAPI/sprites/master/sprites/pokemon/other/official-artwork/63.png
64,64,윤겔라,kadabra,generation-i,0,0,psychic,에스퍼,1.3,56.5,40,35,30,120,70,105,400,data\images\0064_kadabra.png,https://raw.githubusercontent.com/PokeAPI/sprites/master/sprites/pokemon/other/official-artwork/64.png
65,65,후딘,alakazam,generation-i,0,0,psychic,에스퍼,1.5,48.0,55,50,45,135,95,120,500,data\images\0065_alakazam.png,https://raw.githubusercontent.com/PokeAPI/sprites/master/sprites/pokemon/other/official-artwork/65.png
66,66,알통몬,machop,generation-i,0,0,fighting,격투,0.8,19.5,70,80,50,35,35,35,305,data\images\0066_machop.png,https://raw.githubusercontent.com/PokeAPI/sprites/master/sprites/pokemon/other/official-artwork/66.png
67,67,근육몬,machoke,generation-i,0,0,fighting,격투,1.5,70.5,80,100,70,50,60,45,405,data\images\0067_machoke.png,https://raw.githubusercontent.com/PokeAPI/sprites/master/sprites/pokemon/other/official-artwork/67.png
68,68,괴력몬,machamp,generation-i,0,0,fighting,격투,1.6,130.0,90,130,80,65,85,55,505,data\images\0068_machamp.png,https://raw.githubusercontent.com/PokeAPI/sprites/master/sprites/pokemon/other/official-artwork/68.png
69,69,모다피,bellsprout,generation-i,0,0,grass|poison,풀|독,0.7,4.0,50,75,35,70,30,40,300,data\images\0069_bellsprout.png,https://raw.githubusercontent.com/PokeAPI/sprites/master/sprites/pokemon/other/official-artwork/69.png
70,70,우츠동,weepinbell,generation-i,0,0,grass|poison,풀|독,1.0,6.4,65,90,50,85,45,55,390,data\images\0070_weepinbell.png,https://raw.githubusercontent.com/PokeAPI/sprites/master/sprites/pokemon/other/official-artwork/70.png
71,71,우츠보트,victreebel,generation-i,0,0,grass|poison,풀|독,1.7,15.5,80,105,65,100,70,70,490,data\images\0071_victreebel.png,https://raw.githubusercontent.com/PokeAPI/sprites/master/sprites/pokemon/other/official-artwork/71.png
72,72,왕눈해,tentacool,generation-i,0,0,water|poison,물|독,0.9,45.5,40,40,35,50,100,70,335,data\images\0072_tentacool.png,https://raw.githubusercontent.com/PokeAPI/sprites/master/sprites/pokemon/other/official-artwork/72.png
73,73,독파리,tentacruel,generation-i,0,0,water|poison,물|독,1.6,55.0,80,70,65,80,120,100,515,data\images\0073_tentacruel.png,https://raw.githubusercontent.com/PokeAPI/sprites/master/sprites/pokemon/other/official-artwork/73.png
74,74,꼬마돌,geodude,generation-i,0,0,rock|ground,바위|땅,0.4,20.0,40,80,100,30,30,20,300,data\images\0074_geodude.png,https://raw.githubusercontent.com/PokeAPI/sprites/master/sprites/pokemon/other/official-artwork/74.png
75,75,데구리,graveler,generation-i,0,0,rock|ground,바위|땅,1.0,105.0,55,95,115,45,45,35,390,data\images\0075_graveler.png,https://raw.githubusercontent.com/PokeAPI/sprites/master/sprites/pokemon/other/official-artwork/75.png
76,76,딱구리,golem,generation-i,0,0,rock|ground,바위|땅,1.4,300.0,80,120,130,55,65,45,495,data\images\0076_golem.png,https://raw.githubusercontent.com/PokeAPI/sprites/master/sprites/pokemon/other/official-artwork/76.png
77,77,포니타,ponyta,generation-i,0,0,fire,불꽃,1.0,30.0,50,85,55,65,65,90,410,data\images\0077_ponyta.png,https://raw.githubusercontent.com/PokeAPI/sprites/master/sprites/pokemon/other/official-artwork/77.png
78,78,날쌩마,rapidash,generation-i,0,0,fire,불꽃,1.7,95.0,65,100,70,80,80,105,500,data\images\0078_rapidash.png,https://raw.githubusercontent.com/PokeAPI/sprites/master/sprites/pokemon/other/official-artwork/78.png
79,79,야돈,slowpoke,generation-i,0,0,water|psychic,물|에스퍼,1.2,36.0,90,65,65,40,40,15,315,data\images\0079_slowpoke.png,https://raw.githubusercontent.com/PokeAPI/sprites/master/sprites/pokemon/other/official-artwork/79.png
80,80,야도란,slowbro,generation-i,0,0,water|psychic,물|에스퍼,1.6,78.5,95,75,110,100,80,30,490,data\images\0080_slowbro.png,https://raw.githubusercontent.com/PokeAPI/sprites/master/sprites/pokemon/other/official-artwork/80.png
81,81,코일,magnemite,generation-i,0,0,electric|steel,전기|강철,0.3,6.0,25,35,70,95,55,45,325,data\images\0081_magnemite.png,https://raw.githubusercontent.com/PokeAPI/sprites/master/sprites/pokemon/other/official-artwork/81.png
82,82,레어코일,magneton,generation-i,0,0,electric|steel,전기|강철,1.0,60.0,50,60,95,120,70,70,465,data\images\0082_magneton.png,https://raw.githubusercontent.com/PokeAPI/sprites/master/sprites/pokemon/other/official-artwork/82.png
83,83,파오리,farfetchd,generation-i,0,0,normal|flying,노말|비행,0.8,15.0,52,90,55,58,62,60,377,data\images\0083_farfetchd.png,https://raw.githubusercontent.com/PokeAPI/sprites/master/sprites/pokemon/other/official-artwork/83.png
84,84,두두,doduo,generation-i,0,0,normal|flying,노말|비행,1.4,39.2,35,85,45,35,35,75,310,data\images\0084_doduo.png,https://raw.githubusercontent.com/PokeAPI/sprites/master/sprites/pokemon/other/official-artwork/84.png
85,85,두트리오,dodrio,generation-i,0,0,normal|flying,노말|비행,1.8,85.2,60,110,70,60,60,110,470,data\images\0085_dodrio.png,https://raw.githubusercontent.com/PokeAPI/sprites/master/sprites/pokemon/other/official-artwork/85.png
86,86,쥬쥬,seel,generation-i,0,0,water,물,1.1,90.0,65,45,55,45,70,45,325,data\images\0086_seel.png,https://raw.githubusercontent.com/PokeAPI/sprites/master/sprites/pokemon/other/official-artwork/86.png
87,87,쥬레곤,dewgong,generation-i,0,0,water|ice,물|얼음,1.7,120.0,90,70,80,70,95,70,475,data\images\0087_dewgong.png,https://raw.githubusercontent.com/PokeAPI/sprites/master/sprites/pokemon/other/official-artwork/87.png
88,88,질퍽이,grimer,generation-i,0,0,poison,독,0.9,30.0,80,80,50,40,50,25,325,data\images\0088_grimer.png,https://raw.githubusercontent.com/PokeAPI/sprites/master/sprites/pokemon/other/official-artwork/88.png
89,89,질뻐기,muk,generation-i,0,0,poison,독,1.2,30.0,105,105,75,65,100,50,500,data\images\0089_muk.png,https://raw.githubusercontent.com/PokeAPI/sprites/master/sprites/pokemon/other/official-artwork/89.png
90,90,셀러,shellder,generation-i,0,0,water,물,0.3,4.0,30,65,100,45,25,40,305,data\images\0090_shellder.png,https://raw.githubusercontent.com/PokeAPI/sprites/master/sprites/pokemon/other/official-artwork/90.png
91,91,파르셀,cloyster,generation-i,0,0,water|ice,물|얼음,1.5,132.5,50,95,180,85,45,70,525,data\images\0091_cloyster.png,https://raw.githubusercontent.com/PokeAPI/sprites/master/sprites/pokemon/other/official-artwork/91.png
92,92,고오스,gastly,generation-i,0,0,ghost|poison,고스트|독,1.3,0.1,30,35,30,100,35,80,310,data\images\0092_gastly.png,https://raw.githubusercontent.com/PokeAPI/sprites/master/sprites/pokemon/other/official-artwork/92.png
93,93,고우스트,haunter,generation-i,0,0,ghost|poison,고스트|독,1.6,0.1,45,50,45,115,55,95,405,data\images\0093_haunter.png,https://raw.githubusercontent.com/PokeAPI/sprites/master/sprites/pokemon/other/official-artwork/93.png
94,94,팬텀,gengar,generation-i,0,0,ghost|poison,고스트|독,1.5,40.5,60,65,60,130,75,110,500,data\images\0094_gengar.png,https://raw.githubusercontent.com/PokeAPI/sprites/master/sprites/pokemon/other/official-artwork/94.png
95,95,롱스톤,onix,generation-i,0,0,rock|ground,바위|땅,8.8,210.0,35,45,160,30,45,70,385,data\images\0095_onix.png,https://raw.githubusercontent.com/PokeAPI/sprites/master/sprites/pokemon/other/official-artwork/95.png
96,96,슬리프,drowzee,generation-i,0,0,psychic,에스퍼,1.0,32.4,60,48,45,43,90,42,328,data\images\0096_drowzee.png,https://raw.githubusercontent.com/PokeAPI/sprites/master/sprites/pokemon/other/official-artwork/96.png
97,97,슬리퍼,hypno,generation-i,0,0,psychic,에스퍼,1.6,75.6,85,73,70,73,115,67,483,data\images\0097_hypno.png,https://raw.githubusercontent.com/PokeAPI/sprites/master/sprites/pokemon/other/official-artwork/97.png
98,98,크랩,krabby,generation-i,0,0,water,물,0.4,6.5,30,105,90,25,25,50,325,data\images\0098_krabby.png,https://raw.githubusercontent.com/PokeAPI/sprites/master/sprites/pokemon/other/official-artwork/98.png
99,99,킹크랩,kingler,generation-i,0,0,water,물,1.3,60.0,55,130,115,50,50,75,475,data\images\0099_kingler.png,https://raw.githubusercontent.com/PokeAPI/sprites/master/sprites/pokemon/other/official-artwork/99.png
100,100,찌리리공,voltorb,generation-i,0,0,electric,전기,0.5,10.4,40,30,50,55,55,100,330,data\images\0100_voltorb.png,https://raw.githubusercontent.com/PokeAPI/sprites/master/sprites/pokemon/other/official-artwork/100.png
101,101,붐볼,electrode,generation-i,0,0,electric,전기,1.2,66.6,60,50,70,80,80,150,490,data\images\0101_electrode.png,https://raw.githubusercontent.com/PokeAPI/sprites/master/sprites/pokemon/other/official-artwork/101.png
102,102,아라리,exeggcute,generation-i,0,0,grass|psychic,풀|에스퍼,0.4,2.5,60,40,80,60,45,40,325,data\images\0102_exeggcute.png,https://raw.githubusercontent.com/PokeAPI/sprites/master/sprites/pokemon/other/official-artwork/102.png
103,103,나시,exeggutor,generation-i,0,0,grass|psychic,풀|에스퍼,2.0,120.0,95,95,85,125,75,55,530,data\images\0103_exeggutor.png,https://raw.githubusercontent.com/PokeAPI/sprites/master/sprites/pokemon/other/official-artwork/103.png
104,104,탕구리,cubone,generation-i,0,0,ground,땅,0.4,6.5,50,50,95,40,50,35,320,data\images\0104_cubone.png,https://raw.githubusercontent.com/PokeAPI/sprites/master/sprites/pokemon/other/official-artwork/104.png
105,105,텅구리,marowak,generation-i,0,0,ground,땅,1.0,45.0,60,80,110,50,80,45,425,data\images\0105_marowak.png,https://raw.githubusercontent.com/PokeAPI/sprites/master/sprites/pokemon/other/official-artwork/105.png
106,106,시라소몬,hitmonlee,generation-i,0,0,fighting,격투,1.5,49.8,50,120,53,35,110,87,455,data\images\0106_hitmonlee.png,https://raw.githubusercontent.com/PokeAPI/sprites/master/sprites/pokemon/other/official-artwork/106.png
107,107,홍수몬,hitmonchan,generation-i,0,0,fighting,격투,1.4,50.2,50,105,79,35,110,76,455,data\images\0107_hitmonchan.png,https://raw.githubusercontent.com/PokeAPI/sprites/master/sprites/pokemon/other/official-artwork/107.png
108,108,내루미,lickitung,generation-i,0,0,normal,노말,1.2,65.5,90,55,75,60,75,30,385,data\images\0108_lickitung.png,https://raw.githubusercontent.com/PokeAPI/sprites/master/sprites/pokemon/other/official-artwork/108.png
109,109,또가스,koffing,generation-i,0,0,poison,독,0.6,1.0,40,65,95,60,45,35,340,data\images\0109_koffing.png,https://raw.githubusercontent.com/PokeAPI/sprites/master/sprites/pokemon/other/official-artwork/109.png
110,110,또도가스,weezing,generation-i,0,0,poison,독,1.2,9.5,65,90,120,85,70,60,490,data\images\0110_weezing.png,https://raw.githubusercontent.com/PokeAPI/sprites/master/sprites/pokemon/other/official-artwork/110.png
111,111,뿔카노,rhyhorn,generation-i,0,0,ground|rock,땅|바위,1.0,115.0,80,85,95,30,30,25,345,data\images\0111_rhyhorn.png,https://raw.githubusercontent.com/PokeAPI/sprites/master/sprites/pokemon/other/official-artwork/111.png
112,112,코뿌리,rhydon,generation-i,0,0,ground|rock,땅|바위,1.9,120.0,105,130,120,45,45,40,485,data\images\0112_rhydon.png,https://raw.githubusercontent.com/PokeAPI/sprites/master/sprites/pokemon/other/official-artwork/112.png
113,113,럭키,chansey,generation-i,0,0,normal,노말,1.1,34.6,250,5,5,35,105,50,450,data\images\0113_chansey.png,https://raw.githubusercontent.com/PokeAPI/sprites/master/sprites/pokemon/other/official-artwork/113.png
114,114,덩쿠리,tangela,generation-i,0,0,grass,풀,1.0,35.0,65,55,115,100,40,60,435,data\images\0114_tangela.png,https://raw.githubusercontent.com/PokeAPI/sprites/master/sprites/pokemon/other/official-artwork/114.png
115,115,캥카,kangaskhan,generation-i,0,0,normal,노말,2.2,80.0,105,95,80,40,80,90,490,data\images\0115_kangaskhan.png,https://raw.githubusercontent.com/PokeAPI/sprites/master/sprites/pokemon/other/official-artwork/115.png
116,116,쏘드라,horsea,generation-i,0,0,water,물,0.4,8.0,30,40,70,70,25,60,295,data\images\0116_horsea.png,https://raw.githubusercontent.com/PokeAPI/sprites/master/sprites/pokemon/other/official-artwork/116.png
117,117,시드라,seadra,generation-i,0,0,water,물,1.2,25.0,55,65,95,95,45,85,440,data\images\0117_seadra.png,https://raw.githubusercontent.com/PokeAPI/sprites/master/sprites/pokemon/other/official-artwork/117.png
118,118,콘치,goldeen,generation-i,0,0,water,물,0.6,15.0,45,67,60,35,50,63,320,data\images\0118_goldeen.png,https://raw.githubusercontent.com/PokeAPI/sprites/master/sprites/pokemon/other/official-artwork/118.png
119,119,왕콘치,seaking,generation-i,0,0,water,물,1.3,39.0,80,92,65,65,80,68,450,data\images\0119_seaking.png,https://raw.githubusercontent.com/PokeAPI/sprites/master/sprites/pokemon/other/official-artwork/119.png
120,120,별가사리,staryu,generation-i,0,0,water,물,0.8,34.5,30,45,55,70,55,85,340,data\images\0120_staryu.png,https://raw.githubusercontent.com/PokeAPI/sprites/master/sprites/pokemon/other/official-artwork/120.png
121,121,아쿠스타,starmie,generation-i,0,0,water|psychic,물|에스퍼,1.1,80.0,60,75,85,100,85,115,520,data\images\0121_starmie.png,https://raw.githubusercontent.com/PokeAPI/sprites/master/sprites/pokemon/other/official-artwork/121.png
122,122,마임맨,mr-mime,generation-i,0,0,psychic|fairy,에스퍼|페어리,1.3,54.5,40,45,65,100,120,90,460,data\images\0122_mr_mime.png,https://raw.githubusercontent.com/PokeAPI/sprites/master/sprites/pokemon/other/official-artwork/122.png
123,123,스라크,scyther,generation-i,0,0,bug|flying,벌레|비행,1.5,56.0,70,110,80,55,80,105,500,data\images\0123_scyther.png,https://raw.githubusercontent.com/PokeAPI/sprites/master/sprites/pokemon/other/official-artwork/123.png
124,124,루주라,jynx,generation-i,0,0,ice|psychic,얼음|에스퍼,1.4,40.6,65,50,35,115,95,95,455,data\images\0124_jynx.png,https://raw.githubusercontent.com/PokeAPI/sprites/master/sprites/pokemon/other/official-artwork/124.png
125,125,에레브,electabuzz,generation-i,0,0,electric,전기,1.1,30.0,65,83,57,95,85,105,490,data\images\0125_electabuzz.png,https://raw.githubusercontent.com/PokeAPI/sprites/master/sprites/pokemon/other/official-artwork/125.png
126,126,마그마,magmar,generation-i,0,0,fire,불꽃,1.3,44.5,65,95,57,100,85,93,495,data\images\0126_magmar.png,https://raw.githubusercontent.com/PokeAPI/sprites/master/sprites/pokemon/other/official-artwork/126.png
127,127,쁘사이저,pinsir,generation-i,0,0,bug,벌레,1.5,55.0,65,125,100,55,70,85,500,data\images\0127_pinsir.png,https://raw.githubusercontent.com/PokeAPI/sprites/master/sprites/pokemon/other/official-artwork/127.png
128,128,켄타로스,tauros,generation-i,0,0,normal,노말,1.4,88.4,75,100,95,40,70,110,490,data\images\0128_tauros.png,https://raw.githubusercontent.com/PokeAPI/sprites/master/sprites/pokemon/other/official-artwork/128.png
129,129,잉어킹,magikarp,generation-i,0,0,water,물,0.9,10.0,20,10,55,15,20,80,200,data\images\0129_magikarp.png,https://raw.githubusercontent.com/PokeAPI/sprites/master/sprites/pokemon/other/official-artwork/129.png
130,130,갸라도스,gyarados,generation-i,0,0,water|flying,물|비행,6.5,235.0,95,125,79,60,100,81,540,data\images\0130_gyarados.png,https://raw.githubusercontent.com/PokeAPI/sprites/master/sprites/pokemon/other/official-artwork/130.png
131,131,라프라스,lapras,generation-i,0,0,water|ice,물|얼음,2.5,220.0,130,85,80,85,95,60,535,data\images\0131_lapras.png,https://raw.githubusercontent.com/PokeAPI/sprites/master/sprites/pokemon/other/official-artwork/131.png
132,132,메타몽,ditto,generation-i,0,0,normal,노말,0.3,4.0,48,48,48,48,48,48,288,data\images\0132_ditto.png,https://raw.githubusercontent.com/PokeAPI/sprites/master/sprites/pokemon/other/official-artwork/132.png
133,133,이브이,eevee,generation-i,0,0,normal,노말,0.3,6.5,55,55,50,45,65,55,325,data\images\0133_eevee.png,https://raw.githubusercontent.com/PokeAPI/sprites/master/sprites/pokemon/other/official-artwork/133.png
134,134,샤미드,vaporeon,generation-i,0,0,water,물,1.0,29.0,130,65,60,110,95,65,525,data\images\0134_vaporeon.png,https://raw.githubusercontent.com/PokeAPI/sprites/master/sprites/pokemon/other/official-artwork/134.png
135,135,쥬피썬더,jolteon,generation-i,0,0,electric,전기,0.8,24.5,65,65,60,110,95,130,525,data\images\0135_jolteon.png,https://raw.githubusercontent.com/PokeAPI/sprites/master/sprites/pokemon/other/official-artwork/135.png
136,136,부스터,flareon,generation-i,0,0,fire,불꽃,0.9,25.0,65,130,60,95,110,65,525,data\images\0136_flareon.png,https://raw.githubusercontent.com/PokeAPI/sprites/master/sprites/pokemon/other/official-artwork/136.png
137,137,폴리곤,porygon,generation-i,0,0,normal,노말,0.8,36.5,65,60,70,85,75,40,395,data\images\0137_porygon.png,https://raw.githubusercontent.com/PokeAPI/sprites/master/sprites/pokemon/other/official-artwork/137.png
138,138,암나이트,omanyte,generation-i,0,0,rock|water,바위|물,0.4,7.5,35,40,100,90,55,35,355,data\images\0138_omanyte.png,https://raw.githubusercontent.com/PokeAPI/sprites/master/sprites/pokemon/other/official-artwork/138.png
139,139,암스타,omastar,generation-i,0,0,rock|water,바위|물,1.0,35.0,70,60,125,115,70,55,495,data\images\0139_omastar.png,https://raw.githubusercontent.com/PokeAPI/sprites/master/sprites/pokemon/other/official-artwork/139.png
140,140,투구,kabuto,generation-i,0,0,rock|water,바위|물,0.5,11.5,30,80,90,55,45,55,355,data\images\0140_kabuto.png,https://raw.githubusercontent.com/PokeAPI/sprites/master/sprites/pokemon/other/official-artwork/140.png
141,141,투구푸스,kabutops,generation-i,0,0,rock|water,바위|물,1.3,40.5,60,115,105,65,70,80,495,data\images\0141_kabutops.png,https://raw.githubusercontent.com/PokeAPI/sprites/master/sprites/pokemon/other/official-artwork/141.png
142,142,프테라,aerodactyl,generation-i,0,0,rock|flying,바위|비행,1.8,59.0,80,105,65,60,75,130,515,data\images\0142_aerodactyl.png,https://raw.githubusercontent.com/PokeAPI/sprites/master/sprites/pokemon/other/official-artwork/142.png
143,143,잠만보,snorlax,generation-i,0,0,normal,노말,2.1,460.0,160,110,65,65,110,30,540,data\images\0143_snorlax.png,https://raw.githubusercontent.com/PokeAPI/sprites/master/sprites/pokemon/other/official-artwork/143.png
144,144,프리져,articuno,generation-i,1,0,ice|flying,얼음|비행,1.7,55.4,90,85,100,95,125,85,580,data\images\0144_articuno.png,https://raw.githubusercontent.com/PokeAPI/sprites/master/sprites/pokemon/other/official-artwork/144.png
145,145,썬더,zapdos,generation-i,1,0,electric|flying,전기|비행,1.6,52.6,90,90,85,125,90,100,580,data\images\0145_zapdos.png,https://raw.githubusercontent.com/PokeAPI/sprites/master/sprites/pokemon/other/official-artwork/145.png
146,146,파이어,moltres,generation-i,1,0,fire|flying,불꽃|비행,2.0,60.0,90,100,90,125,85,90,580,data\images\0146_moltres.png,https://raw.githubusercontent.com/PokeAPI/sprites/master/sprites/pokemon/other/official-artwork/146.png
147,147,미뇽,dratini,generation-i,0,0,dragon,드래곤,1.8,3.3,41,64,45,50,50,50,300,data\images\0147_dratini.png,https://raw.githubusercontent.com/PokeAPI/sprites/master/sprites/pokemon/other/official-artwork/147.png
148,148,신뇽,dragonair,generation-i,0,0,dragon,드래곤,4.0,16.5,61,84,65,70,70,70,420,data\images\0148_dragonair.png,https://raw.githubusercontent.com/PokeAPI/sprites/master/sprites/pokemon/other/official-artwork/148.png
149,149,망나뇽,dragonite,generation-i,0,0,dragon|flying,드래곤|비행,2.2,210.0,91,134,95,100,100,80,600,data\images\0149_dragonite.png,https://raw.githubusercontent.com/PokeAPI/sprites/master/sprites/pokemon/other/official-artwork/149.png
150,150,뮤츠,mewtwo,generation-i,1,0,psychic,에스퍼,2.0,122.0,106,110,90,154,90,130,680,data\images\0150_mewtwo.png,https://raw.githubusercontent.com/PokeAPI/sprites/master/sprites/pokemon/other/official-artwork/150.png
151,151,뮤,mew,generation-i,0,1,psychic,에스퍼,0.4,4.0,100,100,100,100,100,100,600,data\images\0151_mew.png,https://raw.githubusercontent.com/PokeAPI/sprites/master/sprites/pokemon/other/official-artwork/151.png
152,152,치코리타,chikorita,generation-ii,0,0,grass,풀,0.9,6.4,45,49,65,49,65,45,318,data\images\0152_chikorita.png,https://raw.githubusercontent.com/PokeAPI/sprites/master/sprites/pokemon/other/official-artwork/152.png
153,153,베이리프,bayleef,generation-ii,0,0,grass,풀,1.2,15.8,60,62,80,63,80,60,405,data\images\0153_bayleef.png,https://raw.githubusercontent.com/PokeAPI/sprites/master/sprites/pokemon/other/official-artwork/153.png
154,154,메가니움,meganium,generation-ii,0,0,grass,풀,1.8,100.5,80,82,100,83,100,80,525,data\images\0154_meganium.png,https://raw.githubusercontent.com/PokeAPI/sprites/master/sprites/pokemon/other/official-artwork/154.png
155,155,브케인,cyndaquil,generation-ii,0,0,fire,불꽃,0.5,7.9,39,52,43,60,50,65,309,data\images\0155_cyndaquil.png,https://raw.githubusercontent.com/PokeAPI/sprites/master/sprites/pokemon/other/official-artwork/155.png
156,156,마그케인,quilava,generation-ii,0,0,fire,불꽃,0.9,19.0,58,64,58,80,65,80,405,data\images\0156_quilava.png,https://raw.githubusercontent.com/PokeAPI/sprites/master/sprites/pokemon/other/official-artwork/156.png
157,157,블레이범,typhlosion,generation-ii,0,0,fire,불꽃,1.7,79.5,78,84,78,109,85,100,534,data\images\0157_typhlosion.png,https://raw.githubusercontent.com/PokeAPI/sprites/master/sprites/pokemon/other/official-artwork/157.png
158,158,리아코,totodile,generation-ii,0,0,water,물,0.6,9.5,50,65,64,44,48,43,314,data\images\0158_totodile.png,https://raw.githubusercontent.com/PokeAPI/sprites/master/sprites/pokemon/other/official-artwork/158.png
159,159,엘리게이,croconaw,generation-ii,0,0,water,물,1.1,25.0,65,80,80,59,63,58,405,data\images\0159_croconaw.png,https://raw.githubusercontent.com/PokeAPI/sprites/master/sprites/pokemon/other/official-artwork/159.png
160,160,장크로다일,feraligatr,generation-ii,0,0,water,물,2.3,88.8,85,105,100,79,83,78,530,data\images\0160_feraligatr.png,https://raw.githubusercontent.com/PokeAPI/sprites/master/sprites/pokemon/other/official-artwork/160.png
161,161,꼬리선,sentret,generation-ii,0,0,normal,노말,0.8,6.0,35,46,34,35,45,20,215,data\images\0161_sentret.png,https://raw.githubusercontent.com/PokeAPI/sprites/master/sprites/pokemon/other/official-artwork/161.png
162,162,다꼬리,furret,generation-ii,0,0,normal,노말,1.8,32.5,85,76,64,45,55,90,415,data\images\0162_furret.png,https://raw.githubusercontent.com/PokeAPI/sprites/master/sprites/pokemon/other/official-artwork/162.png
163,163,부우부,hoothoot,generation-ii,0,0,normal|flying,노말|비행,0.7,21.2,60,30,30,36,56,50,262,data\images\0163_hoothoot.png,https://raw.githubusercontent.com/PokeAPI/sprites/master/sprites/pokemon/other/official-artwork/163.png
164,164,야부엉,noctowl,generation-ii,0,0,normal|flying,노말|비행,1.6,40.8,100,50,50,86,96,70,452,data\images\0164_noctowl.png,https://raw.githubusercontent.com/PokeAPI/sprites/master/sprites/pokemon/other/official-artwork/164.png
165,165,레디바,ledyba,generation-ii,0,0,bug|flying,벌레|비행,1.0,10.8,40,20,30,40,80,55,265,data\images\0165_ledyba.png,https://raw.githubusercontent.com/PokeAPI/sprites/master/sprites/pokemon/other/official-artwork/165.png
166,166,레디안,ledian,generation-ii,0,0,bug|flying,벌레|비행,1.4,35.6,55,35,50,55,110,85,390,data\images\0166_ledian.png,https://raw.githubusercontent.com/PokeAPI/sprites/master/sprites/pokemon/other/official-artwork/166.png
167,167,페이검,spinarak,generation-ii,0,0,bug|poison,벌레|독,0.5,8.5,40,60,40,40,40,30,250,data\images\0167_spinarak.png,https://raw.githubusercontent.com/PokeAPI/sprites/master/sprites/pokemon/other/official-artwork/167.png
168,168,아리아도스,ariados,generation-ii,0,0,bug|poison,벌레|독,1.1,33.5,70,90,70,60,70,40,400,data\images\0168_ariados.png,https://raw.githubusercontent.com/PokeAPI/sprites/master/sprites/pokemon/other/official-artwork/168.png
169,169,크로뱃,crobat,generation-ii,0,0,poison|flying,독|비행,1.8,75.0,85,90,80,70,80,130,535,data\images\0169_crobat.png,https://raw.githubusercontent.com/PokeAPI/sprites/master/sprites/pokemon/other/official-artwork/169.png
170,170,초라기,chinchou,generation-ii,0,0,water|electric,물|전기,0.5,12.0,75,38,38,56,56,67,330,data\images\0170_chinchou.png,https://raw.githubusercontent.com/PokeAPI/sprites/master/sprites/pokemon/other/official-artwork/170.png
171,171,랜턴,lanturn,generation-ii,0,0,water|electric,물|전기,1.2,22.5,125,58,58,76,76,67,460,data\images\0171_lanturn.png,https://raw.githubusercontent.com/PokeAPI/sprites/master/sprites/pokemon/other/official-artwork/171.png
172,172,피츄,pichu,generation-ii,0,0,electric,전기,0.3,2.0,20,40,15,35,35,60,205,data\images\0172_pichu.png,https://raw.githubusercontent.com/PokeAPI/sprites/master/sprites/pokemon/other/official-artwork/172.png
173,173,삐,cleffa,generation-ii,0,0,fairy,페어리,0.3,3.0,50,25,28,45,55,15,218,data\images\0173_cleffa.png,https://raw.githubusercontent.com/PokeAPI/sprites/master/sprites/pokemon/other/official-artwork/173.png
174,174,푸푸린,igglybuff,generation-ii,0,0,normal|fairy,노말|페어리,0.3,1.0,90,30,15,40,20,15,210,data\images\0174_igglybuff.png,https://raw.githubusercontent.com/PokeAPI/sprites/master/sprites/pokemon/other/official-artwork/174.png
175,175,토게피,togepi,generation-ii,0,0,fairy,페어리,0.3,1.5,35,20,65,40,65,20,245,data\images\0175_togepi.png,https://raw.githubusercontent.com/PokeAPI/sprites/master/sprites/pokemon/other/official-artwork/175.png
176,176,토게틱,togetic,generation-ii,0,0,fairy|flying,페어리|비행,0.6,3.2,55,40,85,80,105,40,405,data\images\0176_togetic.png,https://raw.githubusercontent.com/PokeAPI/sprites/master/sprites/pokemon/other/official-artwork/176.png
177,177,네이티,natu,generation-ii,0,0,psychic|flying,에스퍼|비행,0.2,2.0,40,50,45,70,45,70,320,data\images\0177_natu.png,https://raw.githubusercontent.com/PokeAPI/sprites/master/sprites/pokemon/other/official-artwork/177.png
178,178,네이티오,xatu,generation-ii,0,0,psychic|flying,에스퍼|비행,1.5,15.0,65,75,70,95,70,95,470,data\images\0178_xatu.png,https://raw.githubusercontent.com/PokeAPI/sprites/master/sprites/pokemon/other/official-artwork/178.png
179,179,메리프,mareep,generation-ii,0,0,electric,전기,0.6,7.8,55,40,40,65,45,35,280,data\images\0179_mareep.png,https://raw.githubusercontent.com/PokeAPI/sprites/master/sprites/pokemon/other/official-artwork/179.png
180,180,보송송,flaaffy,generation-ii,0,0,electric,전기,0.8,13.3,70,55,55,80,60,45,365,data\images\0180_flaaffy.png,https://raw.githubusercontent.com/PokeAPI/sprites/master/sprites/pokemon/other/official-artwork/180.png
181,181,전룡,ampharos,generation-ii,0,0,electric,전기,1.4,61.5,90,75,85,115,90,55,510,data\images\0181_ampharos.png,https://raw.githubusercontent.com/PokeAPI/sprites/master/sprites/pokemon/other/official-artwork/181.png
182,182,아르코,bellossom,generation-ii,0,0,grass,풀,0.4,5.8,75,80,95,90,100,50,490,data\images\0182_bellossom.png,https://raw.githubusercontent.com/PokeAPI/sprites/master/sprites/pokemon/other/official-artwork/182.png
183,183,마릴,marill,generation-ii,0,0,water|fairy,물|페어리,0.4,8.5,70,20,50,20,50,40,250,data\images\0183_marill.png,https://raw.githubusercontent.com/PokeAPI/sprites/master/sprites/pokemon/other/official-artwork/183.png
184,184,마릴리,azumarill,generation-ii,0,0,water|fairy,물|페어리,0.8,28.5,100,50,80,60,80,50,420,data\images\0184_azumarill.png,https://raw.githubusercontent.com/PokeAPI/sprites/master/sprites/pokemon/other/official-artwork/184.png
185,185,꼬지모,sudowoodo,generation-ii,0,0,rock,바위,1.2,38.0,70,100,115,30,65,30,410,data\images\0185_sudowoodo.png,https://raw.githubusercontent.com/PokeAPI/sprites/master/sprites/pokemon/other/official-artwork/185.png
186,186,왕구리,politoed,generation-ii,0,0,water,물,1.1,33.9,90,75,75,90,100,70,500,data\images\0186_politoed.png,https://raw.githubusercontent.com/PokeAPI/sprites/master/sprites/pokemon/other/official-artwork/186.png
187,187,통통코,hoppip,generation-ii,0,0,grass|flying,풀|비행,0.4,0.5,35,35,40,35,55,50,250,data\images\0187_hoppip.png,https://raw.githubusercontent.com/PokeAPI/sprites/master/sprites/pokemon/other/official-artwork/187.png
188,188,두코,skiploom,generation-ii,0,0,grass|flying,풀|비행,0.6,1.0,55,45,50,45,65,80,340,data\images\0188_skiploom.png,https://raw.githubusercontent.com/PokeAPI/sprites/master/sprites/pokemon/other/official-artwork/188.png
189,189,솜솜코,jumpluff,generation-ii,0,0,grass|flying,풀|비행,0.8,3.0,75,55,70,55,95,110,460,data\images\0189_jumpluff.png,https://raw.githubusercontent.com/PokeAPI/sprites/master/sprites/pokemon/other/official-artwork/189.png
190,190,에이팜,aipom,generation-ii,0,0,normal,노말,0.8,11.5,55,70,55,40,55,85,360,data\images\0190_aipom.png,https://raw.githubusercontent.com/PokeAPI/sprites/master/sprites/pokemon/other/official-artwork/190.png
191,191,해너츠,sunkern,generation-ii,0,0,grass,풀,0.3,1.8,30,30,30,30,30,30,180,data\images\0191_sunkern.png,https://raw.githubusercontent.com/PokeAPI/sprites/master/sprites/pokemon/other/official-artwork/191.png
192,192,해루미,sunflora,generation-ii,0,0,grass,풀,0.8,8.5,75,75,55,105,85,30,425,data\images\0192_sunflora.png,https://raw.githubusercontent.com/PokeAPI/sprites/master/sprites/pokemon/other/official-artwork/192.png
193,193,왕자리,yanma,generation-ii,0,0,bug|flying,벌레|비행,1.2,38.0,65,65,45,75,45,95,390,data\images\0193_yanma.png,https://raw.githubusercontent.com/PokeAPI/sprites/master/sprites/pokemon/other/official-artwork/193.png
194,194,우파,wooper,generation-ii,0,0,water|ground,물|땅,0.4,8.5,55,45,45,25,25,15,210,data\images\0194_wooper.png,https://raw.githubusercontent.com/PokeAPI/sprites/master/sprites/pokemon/other/official-artwork/194.png
195,195,누오,quagsire,generation-ii,0,0,water|ground,물|땅,1.4,75.0,95,85,85,65,65,35,430,data\images\0195_quagsire.png,https://raw.githubusercontent.com/PokeAPI/sprites/master/sprites/pokemon/other/official-artwork/195.png
196,196,에브이,espeon,generation-ii,0,0,psychic,에스퍼,0.9,26.5,65,65,60,130,95,110,525,data\images\0196_espeon.png,https://raw.githubusercontent.com/PokeAPI/sprites/master/sprites/pokemon/other/official-artwork/196.png
197,197,블래키,umbreon,generation-ii,0,0,dark,악,1.0,27.0,95,65,110,60,130,65,525,data\images\0197_umbreon.png,https://raw.githubusercontent.com/PokeAPI/sprites/master/sprites/pokemon/other/official-artwork/197.png
198,198,니로우,murkrow,generation-ii,0,0,dark|flying,악|비행,0.5,2.1,60,85,42,85,42,91,405,data\images\0198_murkrow.png,https://raw.githubusercontent.com/PokeAPI/sprites/master/sprites/pokemon/other/official-artwork/198.png
199,199,야도킹,slowking,generation-ii,0,0,water|psychic,물|에스퍼,2.0,79.5,95,75,80,100,110,30,490,data\images\0199_slowking.png,https://raw.githubusercontent.com/PokeAPI/sprites/master/sprites/pokemon/other/official-artwork/199.png
200,200,무우마,misdreavus,generation-ii,0,0,ghost,고스트,0.7,1.0,60,60,60,85,85,85,435,data\images\0200_misdreavus.png,https://raw.githubusercontent.com/PokeAPI/sprites/master/sprites/pokemon/other/official-artwork/200.png
201,201,안농,unown,generation-ii,0,0,psychic,에스퍼,0.5,5.0,48,72,48,72,48,48,336,data\images\0201_unown.png,https://raw.githubusercontent.com/PokeAPI/sprites/master/sprites/pokemon/other/official-artwork/201.png
202,202,마자용,wobbuffet,generation-ii,0,0,psychic,에스퍼,1.3,28.5,190,33,58,33,58,33,405,data\images\0202_wobbuffet.png,https://raw.githubusercontent.com/PokeAPI/sprites/master/sprites/pokemon/other/official-artwork/202.png
203,203,키링키,girafarig,generation-ii,0,0,normal|psychic,노말|에스퍼,1.5,41.5,70,80,65,90,65,85,455,data\images\0203_girafarig.png,https://raw.githubusercontent.com/PokeAPI/sprites/master/sprites/pokemon/other/official-artwork/203.png
204,204,피콘,pineco,generation-ii,0,0,bug,벌레,0.6,7.2,50,65,90,35,35,15,290,data\images\0204_pineco.png,https://raw.githubusercontent.com/PokeAPI/sprites/master/sprites/pokemon/other/official-artwork/204.png
205,205,쏘콘,forretress,generation-ii,0,0,bug|steel,벌레|강철,1.2,125.8,75,90,140,60,60,40,465,data\images\0205_forretress.png,https://raw.githubusercontent.com/PokeAPI/sprites/master/sprites/pokemon/other/official-artwork/205.png
206,206,노고치,dunsparce,generation-ii,0,0,normal,노말,1.5,14.0,100,70,70,65,65,45,415,data\images\0206_dunsparce.png,https://raw.githubusercontent.com/PokeAPI/sprites/master/sprites/pokemon/other/official-artwork/206.png
207,207,글라이거,gligar,generation-ii,0,0,ground|flying,땅|비행,1.1,64.8,65,75,105,35,65,85,430,data\images\0207_gligar.png,https://raw.githubusercontent.com/PokeAPI/sprites/master/sprites/pokemon/other/official-artwork/207.png
208,208,강철톤,steelix,generation-ii,0,0,steel|ground,강철|땅,9.2,400.0,75,85,200,55,65,30,510,data\images\0208_steelix.png,https://raw.githubusercontent.com/PokeAPI/sprites/master/sprites/pokemon/other/official-artwork/208.png
209,209,블루,snubbull,generation-ii,0,0,fairy,페어리,0.6,7.8,60,80,50,40,40,30,300,data\images\0209_snubbull.png,https://raw.githubusercontent.com/PokeAPI/sprites/master/sprites/pokemon/other/official-artwork/209.png
210,210,그랑블루,granbull,generation-ii,0,0,fairy,페어리,1.4,48.7,90,120,75,60,60,45,450,data\images\0210_granbull.png,https://raw.githubusercontent.com/PokeAPI/sprites/master/sprites/pokemon/other/official-artwork/210.png
211,211,침바루,qwilfish,generation-ii,0,0,water|poison,물|독,0.5,3.9,65,95,85,55,55,85,440,data\images\0211_qwilfish.png,https://raw.githubusercontent.com/PokeAPI/sprites/master/sprites/pokemon/other/official-artwork/211.png
212,212,핫삼,scizor,generation-ii,0,0,bug|steel,벌레|강철,1.8,118.0,70,130,100,55,80,65,500,data\images\0212_scizor.png,https://raw.githubusercontent.com/PokeAPI/sprites/master/sprites/pokemon/other/official-artwork/212.png
213,213,단단지,shuckle,generation-ii,0,0,bug|rock,벌레|바위,0.6,20.5,20,10,230,10,230,5,505,data\images\0213_shuckle.png,https://raw.githubusercontent.com/PokeAPI/sprites/master/sprites/pokemon/other/official-artwork/213.png
214,214,헤라크로스,heracross,generation-ii,0,0,bug|fighting,벌레|격투,1.5,54.0,80,125,75,40,95,85,500,data\images\0214_heracross.png,https://raw.githubusercontent.com/PokeAPI/sprites/master/sprites/pokemon/other/official-artwork/214.png
215,215,포푸니,sneasel,generation-ii,0,0,dark|ice,악|얼음,0.9,28.0,55,95,55,35,75,115,430,data\images\0215_sneasel.png,https://raw.githubusercontent.com/PokeAPI/sprites/master/sprites/pokemon/other/official-artwork/215.png
216,216,깜지곰,teddiursa,generation-ii,0,0,normal,노말,0.6,8.8,60,80,50,50,50,40,330,data\images\0216_teddiursa.png,https://raw.githubusercontent.com/PokeAPI/sprites/master/sprites/pokemon/other/official-artwork/216.png
217,217,링곰,ursaring,generation-ii,0,0,normal,노말,1.8,125.8,90,130,75,75,75,55,500,data\images\0217_ursaring.png,https://raw.githubusercontent.com/PokeAPI/sprites/master/sprites/pokemon/other/official-artwork/217.png
218,218,마그마그,slugma,generation-ii,0,0,fire,불꽃,0.7,35.0,40,40,40,70,40,20,250,data\images\0218_slugma.png,https://raw.githubusercontent.com/PokeAPI/sprites/master/sprites/pokemon/other/official-artwork/218.png
219,219,마그카르고,magcargo,generation-ii,0,0,fire|rock,불꽃|바위,0.8,55.0,60,50,120,90,80,30,430,data\images\0219_magcargo.png,https://raw.githubusercontent.com/PokeAPI/sprites/master/sprites/pokemon/other/official-artwork/219.png
220,220,꾸꾸리,swinub,generation-ii,0,0,ice|ground,얼음|땅,0.4,6.5,50,50,40,30,30,50,250,data\images\0220_swinub.png,https://raw.githubusercontent.com/PokeAPI/sprites/master/sprites/pokemon/other/official-artwork/220.png
221,221,메꾸리,piloswine,generation-ii,0,0,ice|ground,얼음|땅,1.1,55.8,100,100,80,60,60,50,450,data\images\0221_piloswine.png,https://raw.githubusercontent.com/PokeAPI/sprites/master/sprites/pokemon/other/official-artwork/221.png
222,222,코산호,corsola,generation-ii,0,0,water|rock,물|바위,0.6,5.0,65,55,95,65,95,35,410,data\images\0222_corsola.png,https://raw.githubusercontent.com/PokeAPI/sprites/master/sprites/pokemon/other/official-artwork/222.png
223,223,총어,remoraid,generation-ii,0,0,water,물,0.6,12.0,35,65,35,65,35,65,300,data\images\0223_remoraid.png,https://raw.githubusercontent.com/PokeAPI/sprites/master/sprites/pokemon/other/official-artwork/223.png
224,224,대포무노,octillery,generation-ii,0,0,water,물,0.9,28.5,75,105,75,105,75,45,480,data\images\0224_octillery.png,https://raw.githubusercontent.com/PokeAPI/sprites/master/sprites/pokemon/other/official-artwork/224.png
225,225,딜리버드,delibird,generation-ii,0,0,ice|flying,얼음|비행,0.9,16.0,45,55,45,65,45,75,330,data\images\0225_delibird.png,https://raw.githubusercontent.com/PokeAPI/sprites/master/sprites/pokemon/other/official-artwork/225.png
226,226,만타인,mantine,generation-ii,0,0,water|flying,물|비행,2.1,220.0,85,40,70,80,140,70,485,data\images\0226_mantine.png,https://raw.githubusercontent.com/PokeAPI/sprites/master/sprites/pokemon/other/official-artwork/226.png
227,227,무장조,skarmory,generation-ii,0,0,steel|flying,강철|비행,1.7,50.5,65,80,140,40,70,70,465,data\images\0227_skarmory.png,https://raw.githubusercontent.com/PokeAPI/sprites/master/sprites/pokemon/other/official-artwork/227.png
228,228,델빌,houndour,generation-ii,0,0,dark|fire,악|불꽃,0.6,10.8,45,60,30,80,50,65,330,data\images\0228_houndour.png,https://raw.githubusercontent.com/PokeAPI/sprites/master/sprites/pokemon/other/official-artwork/228.png
229,229,헬가,houndoom,generation-ii,0,0,dark|fire,악|불꽃,1.4,35.0,75,90,50,110,80,95,500,data\images\0229_houndoom.png,https://raw.githubusercontent.com/PokeAPI/sprites/master/sprites/pokemon/other/official-artwork/229.png
230,230,킹드라,kingdra,generation-ii,0,0,water|dragon,물|드래곤,1.8,152.0,75,95,95,95,95,85,540,data\images\0230_kingdra.png,https://raw.githubusercontent.com/PokeAPI/sprites/master/sprites/pokemon/other/official-artwork/230.png
231,231,코코리,phanpy,generation-ii,0,0,ground,땅,0.5,33.5,90,60,60,40,40,40,330,data\images\0231_phanpy.png,https://raw.githubusercontent.com/PokeAPI/sprites/master/sprites/pokemon/other/official-artwork/231.png
232,232,코리갑,donphan,generation-ii,0,0,ground,땅,1.1,120.0,90,120,120,60,60,50,500,data\images\0232_donphan.png,https://raw.githubusercontent.com/PokeAPI/sprites/master/sprites/pokemon/other/official-artwork/232.png
233,233,폴리곤2,porygon2,generation-ii,0,0,normal,노말,0.6,32.5,85,80,90,105,95,60,515,data\images\0233_porygon2.png,https://raw.githubusercontent.com/PokeAPI/sprites/master/sprites/pokemon/other/official-artwork/233.png
234,234,노라키,stantler,generation-ii,0,0,normal,노말,1.4,71.2,73,95,62,85,65,85,465,data\images\0234_stantler.png,https://raw.githubusercontent.com/PokeAPI/sprites/master/sprites/pokemon/other/official-artwork/234.png
235,235,루브도,smeargle,generation-ii,0,0,normal,노말,1.2,58.0,55,20,35,20,45,75,250,data\images\0235_smeargle.png,https://raw.githubusercontent.com/PokeAPI/sprites/master/sprites/pokemon/other/official-artwork/235.png
236,236,배루키,tyrogue,generation-ii,0,0,fighting,격투,0.7,21.0,35,35,35,35,35,35,210,data\images\0236_tyrogue.png,https://raw.githubusercontent.com/PokeAPI/sprites/master/sprites/pokemon/other/official-artwork/236.png
237,237,카포에라,hitmontop,generation-ii,0,0,fighting,격투,1.4,48.0,50,95,95,35,110,70,455,data\images\0237_hitmontop.png,https://raw.githubusercontent.com/PokeAPI/sprites/master/sprites/pokemon/other/official-artwork/237.png
238,238,뽀뽀라,smoochum,generation-ii,0,0,ice|psychic,얼음|에스퍼,0.4,6.0,45,30,15,85,65,65,305,data\images\0238_smoochum.png,https://raw.githubusercontent.com/PokeAPI/sprites/master/sprites/pokemon/other/official-artwork/238.png
239,239,에레키드,elekid,generation-ii,0,0,electric,전기,0.6,23.5,45,63,37,65,55,95,360,data\images\0239_elekid.png,https://raw.githubusercontent.com/PokeAPI/sprites/master/sprites/pokemon/other/official-artwork/239.png
240,240,마그비,magby,generation-ii,0,0,fire,불꽃,0.7,21.4,45,75,37,70,55,83,365,data\images\0240_magby.png,https://raw.githubusercontent.com/PokeAPI/sprites/master/sprites/pokemon/other/official-artwork/240.png
241,241,밀탱크,miltank,generation-ii,0,0,normal,노말,1.2,75.5,95,80,105,40,70,100,490,data\images\0241_miltank.png,https://raw.githubusercontent.com/PokeAPI/sprites/master/sprites/pokemon/other/official-artwork/241.png
242,242,해피너스,blissey,generation-ii,0,0,normal,노말,1.5,46.8,255,10,10,75,135,55,540,data\images\0242_blissey.png,https://raw.githubusercontent.com/PokeAPI/sprites/master/sprites/pokemon/other/official-artwork/242.png
243,243,라이코,raikou,generation-ii,1,0,electric,전기,1.9,178.0,90,85,75,115,100,115,580,data\images\0243_raikou.png,https://raw.githubusercontent.com/PokeAPI/sprites/master/sprites/pokemon/other/official-artwork/243.png
244,244,앤테이,entei,generation-ii,1,0,fire,불꽃,2.1,198.0,115,115,85,90,75,100,580,data\images\0244_entei.png,https://raw.githubusercontent.com/PokeAPI/sprites/master/sprites/pokemon/other/official-artwork/244.png
245,245,스이쿤,suicune,generation-ii,1,0,water,물,2.0,187.0,100,75,115,90,115,85,580,data\images\0245_suicune.png,https://raw.githubusercontent.com/PokeAPI/sprites/master/sprites/pokemon/other/official-artwork/245.png
246,246,애버라스,larvitar,generation-ii,0,0,rock|ground,바위|땅,0.6,72.0,50,64,50,45,50,41,300,data\images\0246_larvitar.png,https://raw.githubusercontent.com/PokeAPI/sprites/master/sprites/pokemon/other/official-artwork/246.png
247,247,데기라스,pupitar,generation-ii,0,0,rock|ground,바위|땅,1.2,152.0,70,84,70,65,70,51,410,data\images\0247_pupitar.png,https://raw.githubusercontent.com/PokeAPI/sprites/master/sprites/pokemon/other/official-artwork/247.png
248,248,마기라스,tyranitar,generation-ii,0,0,rock|dark,바위|악,2.0,202.0,100,134,110,95,100,61,600,data\images\0248_tyranitar.png,https://raw.githubusercontent.com/PokeAPI/sprites/master/sprites/pokemon/other/official-artwork/248.png
249,249,루기아,lugia,generation-ii,1,0,psychic|flying,에스퍼|비행,5.2,216.0,106,90,130,90,154,110,680,data\images\0249_lugia.png,https://raw.githubusercontent.com/PokeAPI/sprites/master/sprites/pokemon/other/official-artwork/249.png
250,250,칠색조,ho-oh,generation-ii,1,0,fire|flying,불꽃|비행,3.8,199.0,106,130,90,110,154,90,680,data\images\0250_ho_oh.png,https://raw.githubusercontent.com/PokeAPI/sprites/master/sprites/pokemon/other/official-artwork/250.png
251,251,세레비,celebi,generation-ii,0,1,psychic|grass,에스퍼|풀,0.6,5.0,100,100,100,100,100,100,600,data\images\0251_celebi.png,https://raw.githubusercontent.com/PokeAPI/sprites/master/sprites/pokemon/other/official-artwork/251.png
252,252,나무지기,treecko,generation-iii,0,0,grass,풀,0.5,5.0,40,45,35,65,55,70,310,data\images\0252_treecko.png,https://raw.githubusercontent.com/PokeAPI/sprites/master/sprites/pokemon/other/official-artwork/252.png
253,253,나무돌이,grovyle,generation-iii,0,0,grass,풀,0.9,21.6,50,65,45,85,65,95,405,data\images\0253_grovyle.png,https://raw.githubusercontent.com/PokeAPI/sprites/master/sprites/pokemon/other/official-artwork/253.png
254,254,나무킹,sceptile,generation-iii,0,0,grass,풀,1.7,52.2,70,85,65,105,85,120,530,data\images\0254_sceptile.png,https://raw.githubusercontent.com/PokeAPI/sprites/master/sprites/pokemon/other/official-artwork/254.png
255,255,아차모,torchic,generation-iii,0,0,fire,불꽃,0.4,2.5,45,60,40,70,50,45,310,data\images\0255_torchic.png,https://raw.githubusercontent.com/PokeAPI/sprites/master/sprites/pokemon/other/official-artwork/255.png
256,256,영치코,combusken,generation-iii,0,0,fire|fighting,불꽃|격투,0.9,19.5,60,85,60,85,60,55,405,data\images\0256_combusken.png,https://raw.githubusercontent.com/PokeAPI/sprites/master/sprites/pokemon/other/official-artwork/256.png
257,257,번치코,blaziken,generation-iii,0,0,fire|fighting,불꽃|격투,1.9,52.0,80,120,70,110,70,80,530,data\images\0257_blaziken.png,https://raw.githubusercontent.com/PokeAPI/sprites/master/sprites/pokemon/other/official-artwork/257.png
258,258,물짱이,mudkip,generation-iii,0,0,water,물,0.4,7.6,50,70,50,50,50,40,310,data\images\0258_mudkip.png,https://raw.githubusercontent.com/PokeAPI/sprites/master/sprites/pokemon/other/official-artwork/258.png
259,259,늪짱이,marshtomp,generation-iii,0,0,water|ground,물|땅,0.7,28.0,70,85,70,60,70,50,405,data\images\0259_marshtomp.png,https://raw.githubusercontent.com/PokeAPI/sprites/master/sprites/pokemon/other/official-artwork/259.png
260,260,대짱이,swampert,generation-iii,0,0,water|ground,물|땅,1.5,81.9,100,110,90,85,90,60,535,data\images\0260_swampert.png,https://raw.githubusercontent.com/PokeAPI/sprites/master/sprites/pokemon/other/official-artwork/260.png
261,261,포챠나,poochyena,generation-iii,0,0,dark,악,0.5,13.6,35,55,35,30,30,35,220,data\images\0261_poochyena.png,https://raw.githubusercontent.com/PokeAPI/sprites/master/sprites/pokemon/other/official-artwork/261.png
262,262,그라에나,mightyena,generation-iii,0,0,dark,악,1.0,37.0,70,90,70,60,60,70,420,data\images\0262_mightyena.png,https://raw.githubusercontent.com/PokeAPI/sprites/master/sprites/pokemon/other/official-artwork/262.png
263,263,지그제구리,zigzagoon,generation-iii,0,0,normal,노말,0.4,17.5,38,30,41,30,41,60,240,data\images\0263_zigzagoon.png,https://raw.githubusercontent.com/PokeAPI/sprites/master/sprites/pokemon/other/official-artwork/263.png
264,264,직구리,linoone,generation-iii,0,0,normal,노말,0.5,32.5,78,70,61,50,61,100,420,data\images\0264_linoone.png,https://raw.githubusercontent.com/PokeAPI/sprites/master/sprites/pokemon/other/official-artwork/264.png
265,265,개무소,wurmple,generation-iii,0,0,bug,벌레,0.3,3.6,45,45,35,20,30,20,195,data\images\0265_wurmple.png,https://raw.githubusercontent.com/PokeAPI/sprites/master/sprites/pokemon/other/official-artwork/265.png
266,266,실쿤,silcoon,generation-iii,0,0,bug,벌레,0.6,10.0,50,35,55,25,25,15,205,data\images\0266_silcoon.png,https://raw.githubusercontent.com/PokeAPI/sprites/master/sprites/pokemon/other/official-artwork/266.png
267,267,뷰티플라이,beautifly,generation-iii,0,0,bug|flying,벌레|비행,1.0,28.4,60,70,50,100,50,65,395,data\images\0267_beautifly.png,https://raw.githubusercontent.com/PokeAPI/sprites/master/sprites/pokemon/other/official-artwork/267.png
268,268,카스쿤,cascoon,generation-iii,0,0,bug,벌레,0.7,11.5,50,35,55,25,25,15,205,data\images\0268_cascoon.png,https://raw.githubusercontent.com/PokeAPI/sprites/master/sprites/pokemon/other/official-artwork/268.png
269,269,독케일,dustox,generation-iii,0,0,bug|poison,벌레|독,1.2,31.6,60,50,70,50,90,65,385,data\images\0269_dustox.png,https://raw.githubusercontent.com/PokeAPI/sprites/master/sprites/pokemon/other/official-artwork/269.png
270,270,연꽃몬,lotad,generation-iii,0,0,water|grass,물|풀,0.5,2.6,40,30,30,40,50,30,220,data\images\0270_lotad.png,https://raw.githubusercontent.com/PokeAPI/sprites/master/sprites/pokemon/other/official-artwork/270.png
271,271,로토스,lombre,generation-iii,0,0,water|grass,물|풀,1.2,32.5,60,50,50,60,70,50,340,data\images\0271_lombre.png,https://raw.githubusercontent.com/PokeAPI/sprites/master/sprites/pokemon/other/official-artwork/271.png
272,272,로파파,ludicolo,generation-iii,0,0,water|grass,물|풀,1.5,55.0,80,70,70,90,100,70,480,data\images\0272_ludicolo.png,https://raw.githubusercontent.com/PokeAPI/sprites/master/sprites/pokemon/other/official-artwork/272.png
273,273,도토링,seedot,generation-iii,0,0,grass,풀,0.5,4.0,40,40,50,30,30,30,220,data\images\0273_seedot.png,https://raw.githubusercontent.com/PokeAPI/sprites/master/sprites/pokemon/other/official-artwork/273.png
274,274,잎새코,nuzleaf,generation-iii,0,0,grass|dark,풀|악,1.0,28.0,70,70,40,60,40,60,340,data\images\0274_nuzleaf.png,https://raw.githubusercontent.com/PokeAPI/sprites/master/sprites/pokemon/other/official-artwork/274.png
275,275,다탱구,shiftry,generation-iii,0,0,grass|dark,풀|악,1.3,59.6,90,100,60,90,60,80,480,data\images\0275_shiftry.png,https://raw.githubusercontent.com/PokeAPI/sprites/master/sprites/pokemon/other/official-artwork/275.png
276,276,테일로,taillow,generation-iii,0,0,normal|flying,노말|비행,0.3,2.3,40,55,30,30,30,85,270,data\images\0276_taillow.png,https://raw.githubusercontent.com/PokeAPI/sprites/master/sprites/pokemon/other/official-artwork/276.png
277,277,스왈로,swellow,generation-iii,0,0,normal|flying,노말|비행,0.7,19.8,60,85,60,75,50,125,455,data\images\0277_swellow.png,https://raw.githubusercontent.com/PokeAPI/sprites/master/sprites/pokemon/other/official-artwork/277.png
278,278,갈모매,wingull,generation-iii,0,0,water|flying,물|비행,0.6,9.5,40,30,30,55,30,85,270,data\images\0278_wingull.png,https://raw.githubusercontent.com/PokeAPI/sprites/master/sprites/pokemon/other/official-artwork/278.png
279,279,패리퍼,pelipper,generation-iii,0,0,water|flying,물|비행,1.2,28.0,60,50,100,95,70,65,440,data\images\0279_pelipper.png,https://raw.githubusercontent.com/PokeAPI/sprites/master/sprites/pokemon/other/official-artwork/279.png
280,280,랄토스,ralts,generation-iii,0,0,psychic|fairy,에스퍼|페어리,0.4,6.6,28,25,25,45,35,40,198,data\images\0280_ralts.png,https://raw.githubusercontent.com/PokeAPI/sprites/master/sprites/pokemon/other/official-artwork/280.png
281,281,킬리아,kirlia,generation-iii,0,0,psychic|fairy,에스퍼|페어리,0.8,20.2,38,35,35,65,55,50,278,data\images\0281_kirlia.png,https://raw.githubusercontent.com/PokeAPI/sprites/master/sprites/pokemon/other/official-artwork/281.png
282,282,가디안,gardevoir,generation-iii,0,0,psychic|fairy,에스퍼|페어리,1.6,48.4,68,65,65,125,115,80,518,data\images\0282_gardevoir.png,https://raw.githubusercontent.com/PokeAPI/sprites/master/sprites/pokemon/other/official-artwork/282.png
283,283,비구술,surskit,generation-iii,0,0,bug|water,벌레|물,0.5,1.7,40,30,32,50,52,65,269,data\images\0283_surskit.png,https://raw.githubusercontent.com/PokeAPI/sprites/master/sprites/pokemon/other/official-artwork/283.png
284,284,비나방,masquerain,generation-iii,0,0,bug|flying,벌레|비행,0.8,3.6,70,60,62,100,82,80,454,data\images\0284_masquerain.png,https://raw.githubusercontent.com/PokeAPI/sprites/master/sprites/pokemon/other/official-artwork/284.png
285,285,버섯꼬,shroomish,generation-iii,0,0,grass,풀,0.4,4.5,60,40,60,40,60,35,295,data\images\0285_shroomish.png,https://raw.githubusercontent.com/PokeAPI/sprites/master/sprites/pokemon/other/official-artwork/285.png
286,286,버섯모,breloom,generation-iii,0,0,grass|fighting,풀|격투,1.2,39.2,60,130,80,60,60,70,460,data\images\0286_breloom.png,https://raw.githubusercontent.com/PokeAPI/sprites/master/sprites/pokemon/other/official-artwork/286.png
287,287,게을로,slakoth,generation-iii,0,0,normal,노말,0.8,24.0,60,60,60,35,35,30,280,data\images\0287_slakoth.png,https://raw.githubusercontent.com/PokeAPI/sprites/master/sprites/pokemon/other/official-artwork/287.png
288,288,발바로,vigoroth,generation-iii,0,0,normal,노말,1.4,46.5,80,80,80,55,55,90,440,data\images\0288_vigoroth.png,https://raw.githubusercontent.com/PokeAPI/sprites/master/sprites/pokemon/other/official-artwork/288.png
289,289,게을킹,slaking,generation-iii,0,0,normal,노말,2.0,130.5,150,160,100,95,65,100,670,data\images\0289_slaking.png,https://raw.githubusercontent.com/PokeAPI/sprites/master/sprites/pokemon/other/official-artwork/289.png
290,290,토중몬,nincada,generation-iii,0,0,bug|ground,벌레|땅,0.5,5.5,31,45,90,30,30,40,266,data\images\0290_nincada.png,https://raw.githubusercontent.com/PokeAPI/sprites/master/sprites/pokemon/other/official-artwork/290.png
291,291,아이스크,ninjask,generation-iii,0,0,bug|flying,벌레|비행,0.8,12.0,61,90,45,50,50,160,456,data\images\0291_ninjask.png,https://raw.githubusercontent.com/PokeAPI/sprites/master/sprites/pokemon/other/official-artwork/291.png
292,292,껍질몬,shedinja,generation-iii,0,0,bug|ghost,벌레|고스트,0.8,1.2,1,90,45,30,30,40,236,data\images\0292_shedinja.png,https://raw.githubusercontent.com/PokeAPI/sprites/master/sprites/pokemon/other/official-artwork/292.png
293,293,소곤룡,whismur,generation-iii,0,0,normal,노말,0.6,16.3,64,51,23,51,23,28,240,data\images\0293_whismur.png,https://raw.githubusercontent.com/PokeAPI/sprites/master/sprites/pokemon/other/official-artwork/293.png
294,294,노공룡,loudred,generation-iii,0,0,normal,노말,1.0,40.5,84,71,43,71,43,48,360,data\images\0294_loudred.png,https://raw.githubusercontent.com/PokeAPI/sprites/master/sprites/pokemon/other/official-artwork/294.png
295,295,폭음룡,exploud,generation-iii,0,0,normal,노말,1.5,84.0,104,91,63,91,73,68,490,data\images\0295_exploud.png,https://raw.githubusercontent.com/PokeAPI/sprites/master/sprites/pokemon/other/official-artwork/295.png
296,296,마크탕,makuhita,generation-iii,0,0,fighting,격투,1.0,86.4,72,60,30,20,30,25,237,data\images\0296_makuhita.png,https://raw.githubusercontent.com/PokeAPI/sprites/master/sprites/pokemon/other/official-artwork/296.png
297,297,하리뭉,hariyama,generation-iii,0,0,fighting,격투,2.3,253.8,144,120,60,40,60,50,474,data\images\0297_hariyama.png,https://raw.githubusercontent.com/PokeAPI/sprites/master/sprites/pokemon/other/official-artwork/297.png
298,298,루리리,azurill,generation-iii,0,0,normal|fairy,노말|페어리,0.2,2.0,50,20,40,20,40,20,190,data\images\0298_azurill.png,https://raw.githubusercontent.com/PokeAPI/sprites/master/sprites/pokemon/other/official-artwork/298.png
299,299,코코파스,nosepass,generation-iii,0,0,rock,바위,1.0,97.0,30,45,135,45,90,30,375,data\images\0299_nosepass.png,https://raw.githubusercontent.com/PokeAPI/sprites/master/sprites/pokemon/other/official-artwork/299.png
300,300,에나비,skitty,generation-iii,0,0,normal,노말,0.6,11.0,50,45,45,35,35,50,260,data\images\0300_skitty.png,https://raw.githubusercontent.com/PokeAPI/sprites/master/sprites/pokemon/other/official-artwork/300.png
301,301,델케티,delcatty,generation-iii,0,0,normal,노말,1.1,32.6,70,65,65,55,55,90,400,data\images\0301_delcatty.png,https://raw.githubusercontent.com/PokeAPI/sprites/master/sprites/pokemon/other/official-artwork/301.png
302,302,깜까미,sableye,generation-iii,0,0,dark|ghost,악|고스트,0.5,11.0,50,75,75,65,65,50,380,data\images\0302_sableye.png,https://raw.githubusercontent.com/PokeAPI/sprites/master/sprites/pokemon/other/official-artwork/302.png
303,303,입치트,mawile,generation-iii,0,0,steel|fairy,강철|페어리,0.6,11.5,50,85,85,55,55,50,380,data\images\0303_mawile.png,https://raw.githubusercontent.com/PokeAPI/sprites/master/sprites/pokemon/other/official-artwork/303.png
304,304,가보리,aron,generation-iii,0,0,steel|rock,강철|바위,0.4,60.0,50,70,100,40,40,30,330,data\images\0304_aron.png,https://raw.githubusercontent.com/PokeAPI/sprites/master/sprites/pokemon/other/official-artwork/304.png
305,305,갱도라,lairon,generation-iii,0,0,steel|rock,강철|바위,0.9,120.0,60,90,140,50,50,40,430,data\images\0305_lairon.png,https://raw.githubusercontent.com/PokeAPI/sprites/master/sprites/pokemon/other/official-artwork/305.png
306,306,보스로라,aggron,generation-iii,0,0,steel|rock,강철|바위,2.1,360.0,70,110,180,60,60,50,530,data\images\0306_aggron.png,https://raw.githubusercontent.com/PokeAPI/sprites/master/sprites/pokemon/other/official-artwork/306.png
307,307,요가랑,meditite,generation-iii,0,0,fighting|psychic,격투|에스퍼,0.6,11.2,30,40,55,40,55,60,280,data\images\0307_meditite.png,https://raw.githubusercontent.com/PokeAPI/sprites/master/sprites/pokemon/other/official-artwork/307.png
308,308,요가램,medicham,generation-iii,0,0,fighting|psychic,격투|에스퍼,1.3,31.5,60,60,75,60,75,80,410,data\images\0308_medicham.png,https://raw.githubusercontent.com/PokeAPI/sprites/master/sprites/pokemon/other/official-artwork/308.png
309,309,썬더라이,electrike,generation-iii,0,0,electric,전기,0.6,15.2,40,45,40,65,40,65,295,data\images\0309_electrike.png,https://raw.githubusercontent.com/PokeAPI/sprites/master/sprites/pokemon/other/official-artwork/309.png
310,310,썬더볼트,manectric,generation-iii,0,0,electric,전기,1.5,40.2,70,75,60,105,60,105,475,data\images\0310_manectric.png,https://raw.githubusercontent.com/PokeAPI/sprites/master/sprites/pokemon/other/official-artwork/310.png
311,311,플러시,plusle,generation-iii,0,0,electric,전기,0.4,4.2,60,50,40,85,75,95,405,data\images\0311_plusle.png,https://raw.githubusercontent.com/PokeAPI/sprites/master/sprites/pokemon/other/official-artwork/311.png
312,312,마이농,minun,generation-iii,0,0,electric,전기,0.4,4.2,60,40,50,75,85,95,405,data\images\0312_minun.png,https://raw.githubusercontent.com/PokeAPI/sprites/master/sprites/pokemon/other/official-artwork/312.png
313,313,볼비트,volbeat,generation-iii,0,0,bug,벌레,0.7,17.7,65,73,75,47,85,85,430,data\images\0313_volbeat.png,https://raw.githubusercontent.com/PokeAPI/sprites/master/sprites/pokemon/other/official-artwork/313.png
314,314,네오비트,illumise,generation-iii,0,0,bug,벌레,0.6,17.7,65,47,75,73,85,85,430,data\images\0314_illumise.png,https://raw.githubusercontent.com/PokeAPI/sprites/master/sprites/pokemon/other/official-artwork/314.png
315,315,로젤리아,roselia,generation-iii,0,0,grass|poison,풀|독,0.3,2.0,50,60,45,100,80,65,400,data\images\0315_roselia.png,https://raw.githubusercontent.com/PokeAPI/sprites/master/sprites/pokemon/other/official-artwork/315.png
316,316,꼴깍몬,gulpin,generation-iii,0,0,poison,독,0.4,10.3,70,43,53,43,53,40,302,data\images\0316_gulpin.png,https://raw.githubusercontent.com/PokeAPI/sprites/master/sprites/pokemon/other/official-artwork/316.png
317,317,꿀꺽몬,swalot,generation-iii,0,0,poison,독,1.7,80.0,100,73,83,73,83,55,467,data\images\0317_swalot.png,https://raw.githubusercontent.com/PokeAPI/sprites/master/sprites/pokemon/other/official-artwork/317.png
318,318,샤프니아,carvanha,generation-iii,0,0,water|dark,물|악,0.8,20.8,45,90,20,65,20,65,305,data\images\0318_carvanha.png,https://raw.githubusercontent.com/PokeAPI/sprites/master/sprites/pokemon/other/official-artwork/318.png
319,319,샤크니아,sharpedo,generation-iii,0,0,water|dark,물|악,1.8,88.8,70,120,40,95,40,95,460,data\images\0319_sharpedo.png,https://raw.githubusercontent.com/PokeAPI/sprites/master/sprites/pokemon/other/official-artwork/319.png
320,320,고래왕자,wailmer,generation-iii,0,0,water,물,2.0,130.0,130,70,35,70,35,60,400,data\images\0320_wailmer.png,https://raw.githubusercontent.com/PokeAPI/sprites/master/sprites/pokemon/other/official-artwork/320.png
321,321,고래왕,wailord,generation-iii,0,0,water,물,14.5,398.0,170,90,45,90,45,60,500,data\images\0321_wailord.png,https://raw.githubusercontent.com/PokeAPI/sprites/master/sprites/pokemon/other/official-artwork/321.png
322,322,둔타,numel,generation-iii,0,0,fire|ground,불꽃|땅,0.7,24.0,60,60,40,65,45,35,305,data\images\0322_numel.png,https://raw.githubusercontent.com/PokeAPI/sprites/master/sprites/pokemon/other/official-artwork/322.png
323,323,폭타,camerupt,generation-iii,0,0,fire|ground,불꽃|땅,1.9,220.0,70,100,70,105,75,40,460,data\images\0323_camerupt.png,https://raw.githubusercontent.com/PokeAPI/sprites/master/sprites/pokemon/other/official-artwork/323.png
324,324,코터스,torkoal,generation-iii,0,0,fire,불꽃,0.5,80.4,70,85,140,85,70,20,470,data\images\0324_torkoal.png,https://raw.githubusercontent.com/PokeAPI/sprites/master/sprites/pokemon/other/official-artwork/324.png
325,325,피그점프,spoink,generation-iii,0,0,psychic,에스퍼,0.7,30.6,60,25,35,70,80,60,330,data\images\0325_spoink.png,https://raw.githubusercontent.com/PokeAPI/sprites/master/sprites/pokemon/other/official-artwork/325.png
326,326,피그킹,grumpig,generation-iii,0,0,psychic,에스퍼,0.9,71.5,80,45,65,90,110,80,470,data\images\0326_grumpig.png,https://raw.githubusercontent.com/PokeAPI/sprites/master/sprites/pokemon/other/official-artwork/326.png
327,327,얼루기,spinda,generation-iii,0,0,normal,노말,1.1,5.0,60,60,60,60,60,60,360,data\images\0327_spinda.png,https://raw.githubusercontent.com/PokeAPI/sprites/master/sprites/pokemon/other/official-artwork/327.png
328,328,톱치,trapinch,generation-iii,0,0,ground,땅,0.7,15.0,45,100,45,45,45,10,290,data\images\0328_trapinch.png,https://raw.githubusercontent.com/PokeAPI/sprites/master/sprites/pokemon/other/official-artwork/328.png
329,329,비브라바,vibrava,generation-iii,0,0,ground|dragon,땅|드래곤,1.1,15.3,50,70,50,50,50,70,340,data\images\0329_vibrava.png,https://raw.githubusercontent.com/PokeAPI/sprites/master/sprites/pokemon/other/official-artwork/329.png
330,330,플라이곤,flygon,generation-iii,0,0,ground|dragon,땅|드래곤,2.0,82.0,80,100,80,80,80,100,520,data\images\0330_flygon.png,https://raw.githubusercontent.com/PokeAPI/sprites/master/sprites/pokemon/other/official-artwork/330.png
331,331,선인왕,cacnea,generation-iii,0,0,grass,풀,0.4,51.3,50,85,40,85,40,35,335,data\images\0331_cacnea.png,https://raw.githubusercontent.com/PokeAPI/sprites/master/sprites/pokemon/other/official-artwork/331.png
332,332,밤선인,cacturne,generation-iii,0,0,grass|dark,풀|악,1.3,77.4,70,115,60,115,60,55,475,data\images\0332_cacturne.png,https://raw.githubusercontent.com/PokeAPI/sprites/master/sprites/pokemon/other/official-artwork/332.png
333,333,파비코,swablu,generation-iii,0,0,normal|flying,노말|비행,0.4,1.2,45,40,60,40,75,50,310,data\images\0333_swablu.png,https://raw.githubusercontent.com/PokeAPI/sprites/master/sprites/pokemon/other/official-artwork/333.png
334,334,파비코리,altaria,generation-iii,0,0,dragon|flying,드래곤|비행,1.1,20.6,75,70,90,70,105,80,490,data\images\0334_altaria.png,https://raw.githubusercontent.com/PokeAPI/sprites/master/sprites/pokemon/other/official-artwork/334.png
335,335,쟝고,zangoose,generation-iii,0,0,normal,노말,1.3,40.3,73,115,60,60,60,90,458,data\images\0335_zangoose.png,https://raw.githubusercontent.com/PokeAPI/sprites/master/sprites/pokemon/other/official-artwork/335.png
336,336,세비퍼,seviper,generation-iii,0,0,poison,독,2.7,52.5,73,100,60,100,60,65,458,data\images\0336_seviper.png,https://raw.githubusercontent.com/PokeAPI/sprites/master/sprites/pokemon/other/official-artwork/336.png
337,337,루나톤,lunatone,generation-iii,0,0,rock|psychic,바위|에스퍼,1.0,168.0,90,55,65,95,85,70,460,data\images\0337_lunatone.png,https://raw.githubusercontent.com/PokeAPI/sprites/master/sprites/pokemon/other/official-artwork/337.png
338,338,솔록,solrock,generation-iii,0,0,rock|psychic,바위|에스퍼,1.2,154.0,90,95,85,55,65,70,460,data\images\0338_solrock.png,https://raw.githubusercontent.com/PokeAPI/sprites/master/sprites/pokemon/other/official-artwork/338.png
339,339,미꾸리,barboach,generation-iii,0,0,water|ground,물|땅,0.4,1.9,50,48,43,46,41,60,288,data\images\0339_barboach.png,https://raw.githubusercontent.com/PokeAPI/sprites/master/sprites/pokemon/other/official-artwork/339.png
340,340,메깅,whiscash,generation-iii,0,0,water|ground,물|땅,0.9,23.6,110,78,73,76,71,60,468,data\images\0340_whiscash.png,https://raw.githubusercontent.com/PokeAPI/sprites/master/sprites/pokemon/other/official-artwork/340.png
341,341,가재군,corphish,generation-iii,0,0,water,물,0.6,11.5,43,80,65,50,35,35,308,data\images\0341_corphish.png,https://raw.githubusercontent.com/PokeAPI/sprites/master/sprites/pokemon/other/official-artwork/341.png
342,342,가재장군,crawdaunt,generation-iii,0,0,water|dark,물|악,1.1,32.8,63,120,85,90,55,55,468,data\images\0342_crawdaunt.png,https://raw.githubusercontent.com/PokeAPI/sprites/master/sprites/pokemon/other/official-artwork/342.png
343,343,오뚝군,baltoy,generation-iii,0,0,ground|psychic,땅|에스퍼,0.5,21.5,40,40,55,40,70,55,300,data\images\0343_baltoy.png,https://raw.githubusercontent.com/PokeAPI/sprites/master/sprites/pokemon/other/official-artwork/343.png
344,344,점토도리,claydol,generation-iii,0,0,ground|psychic,땅|에스퍼,1.5,108.0,60,70,105,70,120,75,500,data\images\0344_claydol.png,https://raw.githubusercontent.com/PokeAPI/sprites/master/sprites/pokemon/other/official-artwork/344.png
345,345,릴링,lileep,generation-iii,0,0,rock|grass,바위|풀,1.0,23.8,66,41,77,61,87,23,355,data\images\0345_lileep.png,https://raw.githubusercontent.com/PokeAPI/sprites/master/sprites/pokemon/other/official-artwork/345.png
346,346,릴리요,cradily,generation-iii,0,0,rock|grass,바위|풀,1.5,60.4,86,81,97,81,107,43,495,data\images\0346_cradily.png,https://raw.githubusercontent.com/PokeAPI/sprites/master/sprites/pokemon/other/official-artwork/346.png
347,347,아노딥스,anorith,generation-iii,0,0,rock|bug,바위|벌레,0.7,12.5,45,95,50,40,50,75,355,data\images\0347_anorith.png,https://raw.githubusercontent.com/PokeAPI/sprites/master/sprites/pokemon/other/official-artwork/347.png
348,348,아말도,armaldo,generation-iii,0,0,rock|bug,바위|벌레,1.5,68.2,75,125,100,70,80,45,495,data\images\0348_armaldo.png,https://raw.githubusercontent.com/PokeAPI/sprites/master/sprites/pokemon/other/official-artwork/348.png
349,349,빈티나,feebas,generation-iii,0,0,water,물,0.6,7.4,20,15,20,10,55,80,200,data\images\0349_feebas.png,https://raw.githubusercontent.com/PokeAPI/sprites/master/sprites/pokemon/other/official-artwork/349.png
350,350,밀로틱,milotic,generation-iii,0,0,water,물,6.2,162.0,95,60,79,100,125,81,540,data\images\0350_milotic.png,https://raw.githubusercontent.com/PokeAPI/sprites/master/sprites/pokemon/other/official-artwork/350.png
351,351,캐스퐁,castform,generation-iii,0,0,normal,노말,0.3,0.8,70,70,70,70,70,70,420,data\images\0351_castform.png,https://raw.githubusercontent.com/PokeAPI/sprites/master/sprites/pokemon/other/official-artwork/351.png
352,352,켈리몬,kecleon,generation-iii,0,0,normal,노말,1.0,22.0,60,90,70,60,120,40,440,data\images\0352_kecleon.png,https://raw.githubusercontent.com/PokeAPI/sprites/master/sprites/pokemon/other/official-artwork/352.png
353,353,어둠대신,shuppet,generation-iii,0,0,ghost,고스트,0.6,2.3,44,75,35,63,33,45,295,data\images\0353_shuppet.png,https://raw.githubusercontent.com/PokeAPI/sprites/master/sprites/pokemon/other/official-artwork/353.png
354,354,다크펫,banette,generation-iii,0,0,ghost,고스트,1.1,12.5,64,115,65,83,63,65,455,data\images\0354_banette.png,https://raw.githubusercontent.com/PokeAPI/sprites/master/sprites/pokemon/other/official-artwork/354.png
355,355,해골몽,duskull,generation-iii,0,0,ghost,고스트,0.8,15.0,20,40,90,30,90,25,295,data\images\0355_duskull.png,https://raw.githubusercontent.com/PokeAPI/sprites/master/sprites/pokemon/other/official-artwork/355.png
356,356,미라몽,dusclops,generation-iii,0,0,ghost,고스트,1.6,30.6,40,70,130,60,130,25,455,data\images\0356_dusclops.png,https://raw.githubusercontent.com/PokeAPI/sprites/master/sprites/pokemon/other/official-artwork/356.png
357,357,트로피우스,tropius,generation-iii,0,0,grass|flying,풀|비행,2.0,100.0,99,68,83,72,87,51,460,data\images\0357_tropius.png,https://raw.githubusercontent.com/PokeAPI/sprites/master/sprites/pokemon/other/official-artwork/357.png
358,358,치렁,chimecho,generation-iii,0,0,psychic,에스퍼,0.6,1.0,75,50,80,95,90,65,455,data\images\0358_chimecho.png,https://raw.githubusercontent.com/PokeAPI/sprites/master/sprites/pokemon/other/official-artwork/358.png
359,359,앱솔,absol,generation-iii,0,0,dark,악,1.2,47.0,65,130,60,75,60,75,465,data\images\0359_absol.png,https://raw.githubusercontent.com/PokeAPI/sprites/master/sprites/pokemon/other/official-artwork/359.png
360,360,마자,wynaut,generation-iii,0,0,psychic,에스퍼,0.6,14.0,95,23,48,23,48,23,260,data\images\0360_wynaut.png,https://raw.githubusercontent.com/PokeAPI/sprites/master/sprites/pokemon/other/official-artwork/360.png
361,361,눈꼬마,snorunt,generation-iii,0,0,ice,얼음,0.7,16.8,50,50,50,50,50,50,300,data\images\0361_snorunt.png,https://raw.githubusercontent.com/PokeAPI/sprites/master/sprites/pokemon/other/official-artwork/361.png
362,362,얼음귀신,glalie,generation-iii,0,0,ice,얼음,1.5,256.5,80,80,80,80,80,80,480,data\images\0362_glalie.png,https://raw.githubusercontent.com/PokeAPI/sprites/master/sprites/pokemon/other/official-artwork/362.png
363,363,대굴레오,spheal,generation-iii,0,0,ice|water,얼음|물,0.8,39.5,70,40,50,55,50,25,290,data\images\0363_spheal.png,https://raw.githubusercontent.com/PokeAPI/sprites/master/sprites/pokemon/other/official-artwork/363.png
364,364,씨레오,sealeo,generation-iii,0,0,ice|water,얼음|물,1.1,87.6,90,60,70,75,70,45,410,data\images\0364_sealeo.png,https://raw.githubusercontent.com/PokeAPI/sprites/master/sprites/pokemon/other/official-artwork/364.png
365,365,씨카이저,walrein,generation-iii,0,0,ice|water,얼음|물,1.4,150.6,110,80,90,95,90,65,530,data\images\0365_walrein.png,https://raw.githubusercontent.com/PokeAPI/sprites/master/sprites/pokemon/other/official-artwork/365.png
366,366,진주몽,clamperl,generation-iii,0,0,water,물,0.4,52.5,35,64,85,74,55,32,345,data\images\0366_clamperl.png,https://raw.githubusercontent.com/PokeAPI/sprites/master/sprites/pokemon/other/official-artwork/366.png
367,367,헌테일,huntail,generation-iii,0,0,water,물,1.7,27.0,55,104,105,94,75,52,485,data\images\0367_huntail.png,https://raw.githubusercontent.com/PokeAPI/sprites/master/sprites/pokemon/other/official-artwork/367.png
368,368,분홍장이,gorebyss,generation-iii,0,0,water,물,1.8,22.6,55,84,105,114,75,52,485,data\images\0368_gorebyss.png,https://raw.githubusercontent.com/PokeAPI/sprites/master/sprites/pokemon/other/official-artwork/368.png
369,369,시라칸,relicanth,generation-iii,0,0,water|rock,물|바위,1.0,23.4,100,90,130,45,65,55,485,data\images\0369_relicanth.png,https://raw.githubusercontent.com/PokeAPI/sprites/master/sprites/pokemon/other/official-artwork/369.png
370,370,사랑동이,luvdisc,generation-iii,0,0,water,물,0.6,8.7,43,30,55,40,65,97,330,data\images\0370_luvdisc.png,https://raw.githubusercontent.com/PokeAPI/sprites/master/sprites/pokemon/other/official-artwork/370.png
371,371,아공이,bagon,generation-iii,0,0,dragon,드래곤,0.6,42.1,45,75,60,40,30,50,300,data\images\0371_bagon.png,https://raw.githubusercontent.com/PokeAPI/sprites/master/sprites/pokemon/other/official-artwork/371.png
372,372,쉘곤,shelgon,generation-iii,0,0,dragon,드래곤,1.1,110.5,65,95,100,60,50,50,420,data\images\0372_shelgon.png,https://raw.githubusercontent.com/PokeAPI/sprites/master/sprites/pokemon/other/official-artwork/372.png
373,373,보만다,salamence,generation-iii,0,0,dragon|flying,드래곤|비행,1.5,102.6,95,135,80,110,80,100,600,data\images\0373_salamence.png,https://raw.githubusercontent.com/PokeAPI/sprites/master/sprites/pokemon/other/official-artwork/373.png
374,374,메탕,beldum,generation-iii,0,0,steel|psychic,강철|에스퍼,0.6,95.2,40,55,80,35,60,30,300,data\images\0374_beldum.png,https://raw.githubusercontent.com/PokeAPI/sprites/master/sprites/pokemon/other/official-artwork/374.png
375,375,메탕구,metang,generation-iii,0,0,steel|psychic,강철|에스퍼,1.2,202.5,60,75,100,55,80,50,420,data\images\0375_metang.png,https://raw.githubusercontent.com/PokeAPI/sprites/master/sprites/pokemon/other/official-artwork/375.png
376,376,메타그로스,metagross,generation-iii,0,0,steel|psychic,강철|에스퍼,1.6,550.0,80,135,130,95,90,70,600,data\images\0376_metagross.png,https://raw.githubusercontent.com/PokeAPI/sprites/master/sprites/pokemon/other/official-artwork/376.png
377,377,레지락,regirock,generation-iii,1,0,rock,바위,1.7,230.0,80,100,200,50,100,50,580,data\images\0377_regirock.png,https://raw.githubusercontent.com/PokeAPI/sprites/master/sprites/pokemon/other/official-artwork/377.png
378,378,레지아이스,regice,generation-iii,1,0,ice,얼음,1.8,175.0,80,50,100,100,200,50,580,data\images\0378_regice.png,https://raw.githubusercontent.com/PokeAPI/sprites/master/sprites/pokemon/other/official-artwork/378.png
379,379,레지스틸,registeel,generation-iii,1,0,steel,강철,1.9,205.0,80,75,150,75,150,50,580,data\images\0379_registeel.png,https://raw.githubusercontent.com/PokeAPI/sprites/master/sprites/pokemon/other/official-artwork/379.png
380,380,라티아스,latias,generation-iii,1,0,dragon|psychic,드래곤|에스퍼,1.4,40.0,80,80,90,110,130,110,600,data\images\0380_latias.png,https://raw.githubusercontent.com/PokeAPI/sprites/master/sprites/pokemon/other/official-artwork/380.png
381,381,라티오스,latios,generation-iii,1,0,dragon|psychic,드래곤|에스퍼,2.0,60.0,80,90,80,130,110,110,600,data\images\0381_latios.png,https://raw.githubusercontent.com/PokeAPI/sprites/master/sprites/pokemon/other/official-artwork/381.png
382,382,가이오가,kyogre,generation-iii,1,0,water,물,4.5,352.0,100,100,90,150,140,90,670,data\images\0382_kyogre.png,https://raw.githubusercontent.com/PokeAPI/sprites/master/sprites/pokemon/other/official-artwork/382.png
383,383,그란돈,groudon,generation-iii,1,0,ground,땅,3.5,950.0,100,150,140,100,90,90,670,data\images\0383_groudon.png,https://raw.githubusercontent.com/PokeAPI/sprites/master/sprites/pokemon/other/official-artwork/383.png
384,384,레쿠쟈,rayquaza,generation-iii,1,0,dragon|flying,드래곤|비행,7.0,206.5,105,150,90,150,90,95,680,data\images\0384_rayquaza.png,https://raw.githubusercontent.com/PokeAPI/sprites/master/sprites/pokemon/other/official-artwork/384.png
385,385,지라치,jirachi,generation-iii,0,1,steel|psychic,강철|에스퍼,0.3,1.1,100,100,100,100,100,100,600,data\images\0385_jirachi.png,https://raw.githubusercontent.com/PokeAPI/sprites/master/sprites/pokemon/other/official-artwork/385.png
386,386,테오키스,deoxys,generation-iii,0,1,psychic,에스퍼,1.7,60.8,50,150,50,150,50,150,600,data\images\0386_deoxys.png,https://raw.githubusercontent.com/PokeAPI/sprites/master/sprites/pokemon/other/official-artwork/386.png
387,387,모부기,turtwig,generation-iv,0,0,grass,풀,0.4,10.2,55,68,64,45,55,31,318,data\images\0387_turtwig.png,https://raw.githubusercontent.com/PokeAPI/sprites/master/sprites/pokemon/other/official-artwork/387.png
388,388,수풀부기,grotle,generation-iv,0,0,grass,풀,1.1,97.0,75,89,85,55,65,36,405,data\images\0388_grotle.png,https://raw.githubusercontent.com/PokeAPI/sprites/master/sprites/pokemon/other/official-artwork/388.png
389,389,토대부기,torterra,generation-iv,0,0,grass|ground,풀|땅,2.2,310.0,95,109,105,75,85,56,525,data\images\0389_torterra.png,https://raw.githubusercontent.com/PokeAPI/sprites/master/sprites/pokemon/other/official-artwork/389.png
390,390,불꽃숭이,chimchar,generation-iv,0,0,fire,불꽃,0.5,6.2,44,58,44,58,44,61,309,data\images\0390_chimchar.png,https://raw.githubusercontent.com/PokeAPI/sprites/master/sprites/pokemon/other/official-artwork/390.png
391,391,파이숭이,monferno,generation-iv,0,0,fire|fighting,불꽃|격투,0.9,22.0,64,78,52,78,52,81,405,data\images\0391_monferno.png,https://raw.githubusercontent.com/PokeAPI/sprites/master/sprites/pokemon/other/official-artwork/391.png
392,392,초염몽,infernape,generation-iv,0,0,fire|fighting,불꽃|격투,1.2,55.0,76,104,71,104,71,108,534,data\images\0392_infernape.png,https://raw.githubusercontent.com/PokeAPI/sprites/master/sprites/pokemon/other/official-artwork/392.png
393,393,팽도리,piplup,generation-iv,0,0,water,물,0.4,5.2,53,51,53,61,56,40,314,data\images\0393_piplup.png,https://raw.githubusercontent.com/PokeAPI/sprites/master/sprites/pokemon/other/official-artwork/393.png
394,394,팽태자,prinplup,generation-iv,0,0,water,물,0.8,23.0,64,66,68,81,76,50,405,data\images\0394_prinplup.png,https://raw.githubusercontent.com/PokeAPI/sprites/master/sprites/pokemon/other/official-artwork/394.png
395,395,엠페르트,empoleon,generation-iv,0,0,water|steel,물|강철,1.7,84.5,84,86,88,111,101,60,530,data\images\0395_empoleon.png,https://raw.githubusercontent.com/PokeAPI/sprites/master/sprites/pokemon/other/official-artwork/395.png
396,396,찌르꼬,starly,generation-iv,0,0,normal|flying,노말|비행,0.3,2.0,40,55,30,30,30,60,245,data\images\0396_starly.png,https://raw.githubusercontent.com/PokeAPI/sprites/master/sprites/pokemon/other/official-artwork/396.png
397,397,찌르버드,staravia,generation-iv,0,0,normal|flying,노말|비행,0.6,15.5,55,75,50,40,40,80,340,data\images\0397_staravia.png,https://raw.githubusercontent.com/PokeAPI/sprites/master/sprites/pokemon/other/official-artwork/397.png
398,398,찌르호크,staraptor,generation-iv,0,0,normal|flying,노말|비행,1.2,24.9,85,120,70,50,60,100,485,data\images\0398_staraptor.png,https://raw.githubusercontent.com/PokeAPI/sprites/master/sprites/pokemon/other/official-artwork/398.png
399,399,비버니,bidoof,generation-iv,0,0,normal,노말,0.5,20.0,59,45,40,35,40,31,250,data\images\0399_bidoof.png,https://raw.githubusercontent.com/PokeAPI/sprites/master/sprites/pokemon/other/official-artwork/399.png
400,400,비버통,bibarel,generation-iv,0,0,normal|water,노말|물,1.0,31.5,79,85,60,55,60,71,410,data\images\0400_bibarel.png,https://raw.githubusercontent.com/PokeAPI/sprites/master/sprites/pokemon/other/official-artwork/400.png
401,401,귀뚤뚜기,kricketot,generation-iv,0,0,bug,벌레,0.3,2.2,37,25,41,25,41,25,194,data\images\0401_kricketot.png,https://raw.githubusercontent.com/PokeAPI/sprites/master/sprites/pokemon/other/official-artwork/401.png
402,402,귀뚤톡크,kricketune,generation-iv,0,0,bug,벌레,1.0,25.5,77,85,51,55,51,65,384,data\images\0402_kricketune.png,https://raw.githubusercontent.com/PokeAPI/sprites/master/sprites/pokemon/other/official-artwork/402.png
403,403,꼬링크,shinx,generation-iv,0,0,electric,전기,0.5,9.5,45,65,34,40,34,45,263,data\images\0403_shinx.png,https://raw.githubusercontent.com/PokeAPI/sprites/master/sprites/pokemon/other/official-artwork/403.png
404,404,럭시오,luxio,generation-iv,0,0,electric,전기,0.9,30.5,60,85,49,60,49,60,363,data\images\0404_luxio.png,https://raw.githubusercontent.com/PokeAPI/sprites/master/sprites/pokemon/other/official-artwork/404.png
405,405,렌트라,luxray,generation-iv,0,0,electric,전기,1.4,42.0,80,120,79,95,79,70,523,data\images\0405_luxray.png,https://raw.githubusercontent.com/PokeAPI/sprites/master/sprites/pokemon/other/official-artwork/405.png
406,406,꼬몽울,budew,generation-iv,0,0,grass|poison,풀|독,0.2,1.2,40,30,35,50,70,55,280,data\images\0406_budew.png,https://raw.githubusercontent.com/PokeAPI/sprites/master/sprites/pokemon/other/official-artwork/406.png
407,407,로즈레이드,roserade,generation-iv,0,0,grass|poison,풀|독,0.9,14.5,60,70,65,125,105,90,515,data\images\0407_roserade.png,https://raw.githubusercontent.com/PokeAPI/sprites/master/sprites/pokemon/other/official-artwork/407.png
408,408,두개도스,cranidos,generation-iv,0,0,rock,바위,0.9,31.5,67,125,40,30,30,58,350,data\images\0408_cranidos.png,https://raw.githubusercontent.com/PokeAPI/sprites/master/sprites/pokemon/other/official-artwork/408.png
409,409,램펄드,rampardos,generation-iv,0,0,rock,바위,1.6,102.5,97,165,60,65,50,58,495,data\images\0409_rampardos.png,https://raw.githubusercontent.com/PokeAPI/sprites/master/sprites/pokemon/other/official-artwork/409.png
410,410,방패톱스,shieldon,generation-iv,0,0,rock|steel,바위|강철,0.5,57.0,30,42,118,42,88,30,350,data\images\0410_shieldon.png,https://raw.githubusercontent.com/PokeAPI/sprites/master/sprites/pokemon/other/official-artwork/410.png
411,411,바리톱스,bastiodon,generation-iv,0,0,rock|steel,바위|강철,1.3,149.5,60,52,168,47,138,30,495,data\images\0411_bastiodon.png,https://raw.githubusercontent.com/PokeAPI/sprites/master/sprites/pokemon/other/official-artwork/411.png
412,412,도롱충이,burmy,generation-iv,0,0,bug,벌레,0.2,3.4,40,29,45,29,45,36,224,data\images\0412_burmy.png,https://raw.githubusercontent.com/PokeAPI/sprites/master/sprites/pokemon/other/official-artwork/412.png
413,413,도롱마담,wormadam,generation-iv,0,0,bug|grass,벌레|풀,0.5,6.5,60,59,85,79,105,36,424,data\images\0413_wormadam.png,https://raw.githubusercontent.com/PokeAPI/sprites/master/sprites/pokemon/other/official-artwork/413.png
414,414,나메일,mothim,generation-iv,0,0,bug|flying,벌레|비행,0.9,23.3,70,94,50,94,50,66,424,data\images\0414_mothim.png,https://raw.githubusercontent.com/PokeAPI/sprites/master/sprites/pokemon/other/official-artwork/414.png
415,415,세꿀버리,combee,generation-iv,0,0,bug|flying,벌레|비행,0.3,5.5,30,30,42,30,42,70,244,data\images\0415_combee.png,https://raw.githubusercontent.com/PokeAPI/sprites/master/sprites/pokemon/other/official-artwork/415.png
416,416,비퀸,vespiquen,generation-iv,0,0,bug|flying,벌레|비행,1.2,38.5,70,80,102,80,102,40,474,data\images\0416_vespiquen.png,https://raw.githubusercontent.com/PokeAPI/sprites/master/sprites/pokemon/other/official-artwork/416.png
417,417,파치리스,pachirisu,generation-iv,0,0,electric,전기,0.4,3.9,60,45,70,45,90,95,405,data\images\0417_pachirisu.png,https://raw.githubusercontent.com/PokeAPI/sprites/master/sprites/pokemon/other/official-artwork/417.png
418,418,브이젤,buizel,generation-iv,0,0,water,물,0.7,29.5,55,65,35,60,30,85,330,data\images\0418_buizel.png,https://raw.githubusercontent.com/PokeAPI/sprites/master/sprites/pokemon/other/official-artwork/418.png
419,419,플로젤,floatzel,generation-iv,0,0,water,물,1.1,33.5,85,105,55,85,50,115,495,data\images\0419_floatzel.png,https://raw.githubusercontent.com/PokeAPI/sprites/master/sprites/pokemon/other/official-artwork/419.png
420,420,체리버,cherubi,generation-iv,0,0,grass,풀,0.4,3.3,45,35,45,62,53,35,275,data\images\0420_cherubi.png,https://raw.githubusercontent.com/PokeAPI/sprites/master/sprites/pokemon/other/official-artwork/420.png
421,421,체리꼬,cherrim,generation-iv,0,0,grass,풀,0.5,9.3,70,60,70,87,78,85,450,data\images\0421_cherrim.png,https://raw.githubusercontent.com/PokeAPI/sprites/master/sprites/pokemon/other/official-artwork/421.png
422,422,깝질무,shellos,generation-iv,0,0,water,물,0.3,6.3,76,48,48,57,62,34,325,data\images\0422_shellos.png,https://raw.githubusercontent.com/PokeAPI/sprites/master/sprites/pokemon/other/official-artwork/422.png
423,423,트리토돈,gastrodon,generation-iv,0,0,water|ground,물|땅,0.9,29.9,111,83,68,92,82,39,475,data\images\0423_gastrodon.png,https://raw.githubusercontent.com/PokeAPI/sprites/master/sprites/pokemon/other/official-artwork/423.png
424,424,겟핸보숭,ambipom,generation-iv,0,0,normal,노말,1.2,20.3,75,100,66,60,66,115,482,data\images\0424_ambipom.png,https://raw.githubusercontent.com/PokeAPI/sprites/master/sprites/pokemon/other/official-artwork/424.png
425,425,흔들풍손,drifloon,generation-iv,0,0,ghost|flying,고스트|비행,0.4,1.2,90,50,34,60,44,70,348,data\images\0425_drifloon.png,https://raw.githubusercontent.com/PokeAPI/sprites/master/sprites/pokemon/other/official-artwork/425.png
426,426,둥실라이드,drifblim,generation-iv,0,0,ghost|flying,고스트|비행,1.2,15.0,150,80,44,90,54,80,498,data\images\0426_drifblim.png,https://raw.githubusercontent.com/PokeAPI/sprites/master/sprites/pokemon/other/official-artwork/426.png
427,427,이어롤,buneary,generation-iv,0,0,normal,노말,0.4,5.5,55,66,44,44,56,85,350,data\images\0427_buneary.png,https://raw.githubusercontent.com/PokeAPI/sprites/master/sprites/pokemon/other/official-artwork/427.png
428,428,이어롭,lopunny,generation-iv,0,0,normal,노말,1.2,33.3,65,76,84,54,96,105,480,data\images\0428_lopunny.png,https://raw.githubusercontent.com/PokeAPI/sprites/master/sprites/pokemon/other/official-artwork/428.png
429,429,무우마직,mismagius,generation-iv,0,0,ghost,고스트,0.9,4.4,60,60,60,105,105,105,495,data\images\0429_mismagius.png,https://raw.githubusercontent.com/PokeAPI/sprites/master/sprites/pokemon/other/official-artwork/429.png
430,430,돈크로우,honchkrow,generation-iv,0,0,dark|flying,악|비행,0.9,27.3,100,125,52,105,52,71,505,data\images\0430_honchkrow.png,https://raw.githubusercontent.com/PokeAPI/sprites/master/sprites/pokemon/other/official-artwork/430.png
431,431,나옹마,glameow,generation-iv,0,0,normal,노말,0.5,3.9,49,55,42,42,37,85,310,data\images\0431_glameow.png,https://raw.githubusercontent.com/PokeAPI/sprites/master/sprites/pokemon/other/official-artwork/431.png
432,432,몬냥이,purugly,generation-iv,0,0,normal,노말,1.0,43.8,71,82,64,64,59,112,452,data\images\0432_purugly.png,https://raw.githubusercontent.com/PokeAPI/sprites/master/sprites/pokemon/other/official-artwork/432.png
433,433,랑딸랑,chingling,generation-iv,0,0,psychic,에스퍼,0.2,0.6,45,30,50,65,50,45,285,data\images\0433_chingling.png,https://raw.githubusercontent.com/PokeAPI/sprites/master/sprites/pokemon/other/official-artwork/433.png
434,434,스컹뿡,stunky,generation-iv,0,0,poison|dark,독|악,0.4,19.2,63,63,47,41,41,74,329,data\images\0434_stunky.png,https://raw.githubusercontent.com/PokeAPI/sprites/master/sprites/pokemon/other/official-artwork/434.png
435,435,스컹탱크,skuntank,generation-iv,0,0,poison|dark,독|악,1.0,38.0,103,93,67,71,61,84,479,data\images\0435_skuntank.png,https://raw.githubusercontent.com/PokeAPI/sprites/master/sprites/pokemon/other/official-artwork/435.png
436,436,동미러,bronzor,generation-iv,0,0,steel|psychic,강철|에스퍼,0.5,60.5,57,24,86,24,86,23,300,data\images\0436_bronzor.png,https://raw.githubusercontent.com/PokeAPI/sprites/master/sprites/pokemon/other/official-artwork/436.png
437,437,동탁군,bronzong,generation-iv,0,0,steel|psychic,강철|에스퍼,1.3,187.0,67,89,116,79,116,33,500,data\images\0437_bronzong.png,https://raw.githubusercontent.com/PokeAPI/sprites/master/sprites/pokemon/other/official-artwork/437.png
438,438,꼬지지,bonsly,generation-iv,0,0,rock,바위,0.5,15.0,50,80,95,10,45,10,290,data\images\0438_bonsly.png,https://raw.githubusercontent.com/PokeAPI/sprites/master/sprites/pokemon/other/official-artwork/438.png
439,439,흉내내,mime-jr,generation-iv,0,0,psychic|fairy,에스퍼|페어리,0.6,13.0,20,25,45,70,90,60,310,data\images\0439_mime_jr.png,https://raw.githubusercontent.com/PokeAPI/sprites/master/sprites/pokemon/other/official-artwork/439.png
440,440,핑복,happiny,generation-iv,0,0,normal,노말,0.6,24.4,100,5,5,15,65,30,220,data\images\0440_happiny.png,https://raw.githubusercontent.com/PokeAPI/sprites/master/sprites/pokemon/other/official-artwork/440.png
441,441,페라페,chatot,generation-iv,0,0,normal|flying,노말|비행,0.5,1.9,76,65,45,92,42,91,411,data\images\0441_chatot.png,https://raw.githubusercontent.com/PokeAPI/sprites/master/sprites/pokemon/other/official-artwork/441.png
442,442,화강돌,spiritomb,generation-iv,0,0,ghost|dark,고스트|악,1.0,108.0,50,92,108,92,108,35,485,data\images\0442_spiritomb.png,https://raw.githubusercontent.com/PokeAPI/sprites/master/sprites/pokemon/other/official-artwork/442.png
443,443,딥상어동,gible,generation-iv,0,0,dragon|ground,드래곤|땅,0.7,20.5,58,70,45,40,45,42,300,data\images\0443_gible.png,https://raw.githubusercontent.com/PokeAPI/sprites/master/sprites/pokemon/other/official-artwork/443.png
444,444,한바이트,gabite,generation-iv,0,0,dragon|ground,드래곤|땅,1.4,56.0,68,90,65,50,55,82,410,data\images\0444_gabite.png,https://raw.githubusercontent.com/PokeAPI/sprites/master/sprites/pokemon/other/official-artwork/444.png
445,445,한카리아스,garchomp,generation-iv,0,0,dragon|ground,드래곤|땅,1.9,95.0,108,130,95,80,85,102,600,data\images\0445_garchomp.png,https://raw.githubusercontent.com/PokeAPI/sprites/master/sprites/pokemon/other/official-artwork/445.png
446,446,먹고자,munchlax,generation-iv,0,0,normal,노말,0.6,105.0,135,85,40,40,85,5,390,data\images\0446_munchlax.png,https://raw.githubusercontent.com/PokeAPI/sprites/master/sprites/pokemon/other/official-artwork/446.png
447,447,리오르,riolu,generation-iv,0,0,fighting,격투,0.7,20.2,40,70,40,35,40,60,285,data\images\0447_riolu.png,https://raw.githubusercontent.com/PokeAPI/sprites/master/sprites/pokemon/other/official-artwork/447.png
448,448,루카리오,lucario,generation-iv,0,0,fighting|steel,격투|강철,1.2,54.0,70,110,70,115,70,90,525,data\images\0448_lucario.png,https://raw.githubusercontent.com/PokeAPI/sprites/master/sprites/pokemon/other/official-artwork/448.png
449,449,히포포타스,hippopotas,generation-iv,0,0,ground,땅,0.8,49.5,68,72,78,38,42,32,330,data\images\0449_hippopotas.png,https://raw.githubusercontent.com/PokeAPI/sprites/master/sprites/pokemon/other/official-artwork/449.png
450,450,하마돈,hippowdon,generation-iv,0,0,ground,땅,2.0,300.0,108,112,118,68,72,47,525,data\images\0450_hippowdon.png,https://raw.githubusercontent.com/PokeAPI/sprites/master/sprites/pokemon/other/official-artwork/450.png
451,451,스콜피,skorupi,generation-iv,0,0,poison|bug,독|벌레,0.8,12.0,40,50,90,30,55,65,330,data\images\0451_skorupi.png,https://raw.githubusercontent.com/PokeAPI/sprites/master/sprites/pokemon/other/official-artwork/451.png
452,452,드래피온,drapion,generation-iv,0,0,poison|dark,독|악,1.3,61.5,70,90,110,60,75,95,500,data\images\0452_drapion.png,https://raw.githubusercontent.com/PokeAPI/sprites/master/sprites/pokemon/other/official-artwork/452.png
453,453,삐딱구리,croagunk,generation-iv,0,0,poison|fighting,독|격투,0.7,23.0,48,61,40,61,40,50,300,data\images\0453_croagunk.png,https://raw.githubusercontent.com/PokeAPI/sprites/master/sprites/pokemon/other/official-artwork/453.png
454,454,독개굴,toxicroak,generation-iv,0,0,poison|fighting,독|격투,1.3,44.4,83,106,65,86,65,85,490,data\images\0454_toxicroak.png,https://raw.githubusercontent.com/PokeAPI/sprites/master/sprites/pokemon/other/official-artwork/454.png
455,455,무스틈니,carnivine,generation-iv,0,0,grass,풀,1.4,27.0,74,100,72,90,72,46,454,data\images\0455_carnivine.png,https://raw.githubusercontent.com/PokeAPI/sprites/master/sprites/pokemon/other/official-artwork/455.png
456,456,형광어,finneon,generation-iv,0,0,water,물,0.4,7.0,49,49,56,49,61,66,330,data\images\0456_finneon.png,https://raw.githubusercontent.com/PokeAPI/sprites/master/sprites/pokemon/other/official-artwork/456.png
457,457,네오라이트,lumineon,generation-iv,0,0,water,물,1.2,24.0,69,69,76,69,86,91,460,data\images\0457_lumineon.png,https://raw.githubusercontent.com/PokeAPI/sprites/master/sprites/pokemon/other/official-artwork/457.png
458,458,타만타,mantyke,generation-iv,0,0,water|flying,물|비행,1.0,65.0,45,20,50,60,120,50,345,data\images\0458_mantyke.png,https://raw.githubusercontent.com/PokeAPI/sprites/master/sprites/pokemon/other/official-artwork/458.png
459,459,눈쓰개,snover,generation-iv,0,0,grass|ice,풀|얼음,1.0,50.5,60,62,50,62,60,40,334,data\images\0459_snover.png,https://raw.githubusercontent.com/PokeAPI/sprites/master/sprites/pokemon/other/official-artwork/459.png
460,460,눈설왕,abomasnow,generation-iv,0,0,grass|ice,풀|얼음,2.2,135.5,90,92,75,92,85,60,494,data\images\0460_abomasnow.png,https://raw.githubusercontent.com/PokeAPI/sprites/master/sprites/pokemon/other/official-artwork/460.png
461,461,포푸니라,weavile,generation-iv,0,0,dark|ice,악|얼음,1.1,34.0,70,120,65,45,85,125,510,data\images\0461_weavile.png,https://raw.githubusercontent.com/PokeAPI/sprites/master/sprites/pokemon/other/official-artwork/461.png
462,462,자포코일,magnezone,generation-iv,0,0,electric|steel,전기|강철,1.2,180.0,70,70,115,130,90,60,535,data\images\0462_magnezone.png,https://raw.githubusercontent.com/PokeAPI/sprites/master/sprites/pokemon/other/official-artwork/462.png
463,463,내룸벨트,lickilicky,generation-iv,0,0,normal,노말,1.7,140.0,110,85,95,80,95,50,515,data\images\0463_lickilicky.png,https://raw.githubusercontent.com/PokeAPI/sprites/master/sprites/pokemon/other/official-artwork/463.png
464,464,거대코뿌리,rhyperior,generation-iv,0,0,ground|rock,땅|바위,2.4,282.8,115,140,130,55,55,40,535,data\images\0464_rhyperior.png,https://raw.githubusercontent.com/PokeAPI/sprites/master/sprites/pokemon/other/official-artwork/464.png
465,465,덩쿠림보,tangrowth,generation-iv,0,0,grass,풀,2.0,128.6,100,100,125,110,50,50,535,data\images\0465_tangrowth.png,https://raw.githubusercontent.com/PokeAPI/sprites/master/sprites/pokemon/other/official-artwork/465.png
466,466,에레키블,electivire,generation-iv,0,0,electric,전기,1.8,138.6,75,123,67,95,85,95,540,data\images\0466_electivire.png,https://raw.githubusercontent.com/PokeAPI/sprites/master/sprites/pokemon/other/official-artwork/466.png
467,467,마그마번,magmortar,generation-iv,0,0,fire,불꽃,1.6,68.0,75,95,67,125,95,83,540,data\images\0467_magmortar.png,https://raw.githubusercontent.com/PokeAPI/sprites/master/sprites/pokemon/other/official-artwork/467.png
468,468,토게키스,togekiss,generation-iv,0,0,fairy|flying,페어리|비행,1.5,38.0,85,50,95,120,115,80,545,data\images\0468_togekiss.png,https://raw.githubusercontent.com/PokeAPI/sprites/master/sprites/pokemon/other/official-artwork/468.png
469,469,메가자리,yanmega,generation-iv,0,0,bug|flying,벌레|비행,1.9,51.5,86,76,86,116,56,95,515,data\images\0469_yanmega.png,https://raw.githubusercontent.com/PokeAPI/sprites/master/sprites/pokemon/other/official-artwork/469.png
470,470,리피아,leafeon,generation-iv,0,0,grass,풀,1.0,25.5,65,110,130,60,65,95,525,data\images\0470_leafeon.png,https://raw.githubusercontent.com/PokeAPI/sprites/master/sprites/pokemon/other/official-artwork/470.png
471,471,글레이시아,glaceon,generation-iv,0,0,ice,얼음,0.8,25.9,65,60,110,130,95,65,525,data\images\0471_glaceon.png,https://raw.githubusercontent.com/PokeAPI/sprites/master/sprites/pokemon/other/official-artwork/471.png
472,472,글라이온,gliscor,generation-iv,0,0,ground|flying,땅|비행,2.0,42.5,75,95,125,45,75,95,510,data\images\0472_gliscor.png,https://raw.githubusercontent.com/PokeAPI/sprites/master/sprites/pokemon/other/official-artwork/472.png
473,473,맘모꾸리,mamoswine,generation-iv,0,0,ice|ground,얼음|땅,2.5,291.0,110,130,80,70,60,80,530,data\images\0473_mamoswine.png,https://raw.githubusercontent.com/PokeAPI/sprites/master/sprites/pokemon/other/official-artwork/473.png
474,474,폴리곤Z,porygon-z,generation-iv,0,0,normal,노말,0.9,34.0,85,80,70,135,75,90,535,data\images\0474_porygon_z.png,https://raw.githubusercontent.com/PokeAPI/sprites/master/sprites/pokemon/other/official-artwork/474.png
475,475,엘레이드,gallade,generation-iv,0,0,psychic|fighting,에스퍼|격투,1.6,52.0,68,125,65,65,115,80,518,data\images\0475_gallade.png,https://raw.githubusercontent.com/PokeAPI/sprites/master/sprites/pokemon/other/official-artwork/475.png
476,476,대코파스,probopass,generation-iv,0,0,rock|steel,바위|강철,1.4,340.0,60,55,145,75,150,40,525,data\images\0476_probopass.png,https://raw.githubusercontent.com/PokeAPI/sprites/master/sprites/pokemon/other/official-artwork/476.png
477,477,야느와르몽,dusknoir,generation-iv,0,0,ghost,고스트,2.2,106.6,45,100,135,65,135,45,525,data\images\0477_dusknoir.png,https://raw.githubusercontent.com/PokeAPI/sprites/master/sprites/pokemon/other/official-artwork/477.png
478,478,눈여아,froslass,generation-iv,0,0,ice|ghost,얼음|고스트,1.3,26.6,70,80,70,80,70,110,480,data\images\0478_froslass.png,https://raw.githubusercontent.com/PokeAPI/sprites/master/sprites/pokemon/other/official-artwork/478.png
479,479,로토무,rotom,generation-iv,0,0,electric|ghost,전기|고스트,0.3,0.3,50,50,77,95,77,91,440,data\images\0479_rotom.png,https://raw.githubusercontent.com/PokeAPI/sprites/master/sprites/pokemon/other/official-artwork/479.png
480,480,유크시,uxie,generation-iv,1,0,psychic,에스퍼,0.3,0.3,75,75,130,75,130,95,580,data\images\0480_uxie.png,https://raw.githubusercontent.com/PokeAPI/sprites/master/sprites/pokemon/other/official-artwork/480.png
481,481,엠라이트,mesprit,generation-iv,1,0,psychic,에스퍼,0.3,0.3,80,105,105,105,105,80,580,data\images\0481_mesprit.png,https://raw.githubusercontent.com/PokeAPI/sprites/master/sprites/pokemon/other/official-artwork/481.png
482,482,아그놈,azelf,generation-iv,1,0,psychic,에스퍼,0.3,0.3,75,125,70,125,70,115,580,data\images\0482_azelf.png,https://raw.githubusercontent.com/PokeAPI/sprites/master/sprites/pokemon/other/official-artwork/482.png
483,483,디아루가,dialga,generation-iv,1,0,steel|dragon,강철|드래곤,5.4,683.0,100,120,120,150,100,90,680,data\images\0483_dialga.png,https://raw.githubusercontent.com/PokeAPI/sprites/master/sprites/pokemon/other/official-artwork/483.png
484,484,펄기아,palkia,generation-iv,1,0,water|dragon,물|드래곤,4.2,336.0,90,120,100,150,120,100,680,data\images\0484_palkia.png,https://raw.githubusercontent.com/PokeAPI/sprites/master/sprites/pokemon/other/official-artwork/484.png
485,485,히드런,heatran,generation-iv,1,0,fire|steel,불꽃|강철,1.7,430.0,91,90,106,130,106,77,600,data\images\0485_heatran.png,https://raw.githubusercontent.com/PokeAPI/sprites/master/sprites/pokemon/other/official-artwork/485.png
486,486,레지기가스,regigigas,generation-iv,1,0,normal,노말,3.7,420.0,110,160,110,80,110,100,670,data\images\0486_regigigas.png,https://raw.githubusercontent.com/PokeAPI/sprites/master/sprites/pokemon/other/official-artwork/486.png
487,487,기라티나,giratina,generation-iv,1,0,ghost|dragon,고스트|드래곤,4.5,750.0,150,100,120,100,120,90,680,data\images\0487_giratina.png,https://raw.githubusercontent.com/PokeAPI/sprites/master/sprites/pokemon/other/official-artwork/487.png
488,488,크레세리아,cresselia,generation-iv,1,0,psychic,에스퍼,1.5,85.6,120,70,110,75,120,85,580,data\images\0488_cresselia.png,https://raw.githubusercontent.com/PokeAPI/sprites/master/sprites/pokemon/other/official-artwork/488.png
489,489,피오네,phione,generation-iv,0,1,water,물,0.4,3.1,80,80,80,80,80,80,480,data\images\0489_phione.png,https://raw.githubusercontent.com/PokeAPI/sprites/master/sprites/pokemon/other/official-artwork/489.png
490,490,마나피,manaphy,generation-iv,0,1,water,물,0.3,1.4,100,100,100,100,100,100,600,data\images\0490_manaphy.png,https://raw.githubusercontent.com/PokeAPI/sprites/master/sprites/pokemon/other/official-artwork/490.png
491,491,다크라이,darkrai,generation-iv,0,1,dark,악,1.5,50.5,70,90,90,135,90,125,600,data\images\0491_darkrai.png,https://raw.githubusercontent.com/PokeAPI/sprites/master/sprites/pokemon/other/official-artwork/491.png
492,492,쉐이미,shaymin,generation-iv,0,1,grass,풀,0.2,2.1,100,100,100,100,100,100,600,data\images\0492_shaymin.png,https://raw.githubusercontent.com/PokeAPI/sprites/master/sprites/pokemon/other/official-artwork/492.png
493,493,아르세우스,arceus,generation-iv,0,1,normal,노말,3.2,320.0,120,120,120,120,120,120,720,data\images\0493_arceus.png,https://raw.githubusercontent.com/PokeAPI/sprites/master/sprites/pokemon/other/official-artwork/493.png
494,494,비크티니,victini,generation-v,0,1,psychic|fire,에스퍼|불꽃,0.4,4.0,100,100,100,100,100,100,600,data\images\0494_victini.png,https://raw.githubusercontent.com/PokeAPI/sprites/master/sprites/pokemon/other/official-artwork/494.png
495,495,주리비얀,snivy,generation-v,0,0,grass,풀,0.6,8.1,45,45,55,45,55,63,308,data\images\0495_snivy.png,https://raw.githubusercontent.com/PokeAPI/sprites/master/sprites/pokemon/other/official-artwork/495.png
496,496,샤비,servine,generation-v,0,0,grass,풀,0.8,16.0,60,60,75,60,75,83,413,data\images\0496_servine.png,https://raw.githubusercontent.com/PokeAPI/sprites/master/sprites/pokemon/other/official-artwork/496.png
497,497,샤로다,serperior,generation-v,0,0,grass,풀,3.3,63.0,75,75,95,75,95,113,528,data\images\0497_serperior.png,https://raw.githubusercontent.com/PokeAPI/sprites/master/sprites/pokemon/other/official-artwork/497.png
498,498,뚜꾸리,tepig,generation-v,0,0,fire,불꽃,0.5,9.9,65,63,45,45,45,45,308,data\images\0498_tepig.png,https://raw.githubusercontent.com/PokeAPI/sprites/master/sprites/pokemon/other/official-artwork/498.png
499,499,차오꿀,pignite,generation-v,0,0,fire|fighting,불꽃|격투,1.0,55.5,90,93,55,70,55,55,418,data\images\0499_pignite.png,https://raw.githubusercontent.com/PokeAPI/sprites/master/sprites/pokemon/other/official-artwork/499.png
500,500,염무왕,emboar,generation-v,0,0,fire|fighting,불꽃|격투,1.6,150.0,110,123,65,100,65,65,528,data\images\0500_emboar.png,https://raw.githubusercontent.com/PokeAPI/sprites/master/sprites/pokemon/other/official-artwork/500.png
501,501,수댕이,oshawott,generation-v,0,0,water,물,0.5,5.9,55,55,45,63,45,45,308,data\images\0501_oshawott.png,https://raw.githubusercontent.com/PokeAPI/sprites/master/sprites/pokemon/other/official-artwork/501.png
502,502,쌍검자비,dewott,generation-v,0,0,water,물,0.8,24.5,75,75,60,83,60,60,413,data\images\0502_dewott.png,https://raw.githubusercontent.com/PokeAPI/sprites/master/sprites/pokemon/other/official-artwork/502.png
503,503,대검귀,samurott,generation-v,0,0,water,물,1.5,94.6,95,100,85,108,70,70,528,data\images\0503_samurott.png,https://raw.githubusercontent.com/PokeAPI/sprites/master/sprites/pokemon/other/official-artwork/503.png
504,504,보르쥐,patrat,generation-v,0,0,normal,노말,0.5,11.6,45,55,39,35,39,42,255,data\images\0504_patrat.png,https://raw.githubusercontent.com/PokeAPI/sprites/master/sprites/pokemon/other/official-artwork/504.png
505,505,보르그,watchog,generation-v,0,0,normal,노말,1.1,27.0,60,85,69,60,69,77,420,data\images\0505_watchog.png,https://raw.githubusercontent.com/PokeAPI/sprites/master/sprites/pokemon/other/official-artwork/505.png
506,506,요테리,lillipup,generation-v,0,0,normal,노말,0.4,4.1,45,60,45,25,45,55,275,data\images\0506_lillipup.png,https://raw.githubusercontent.com/PokeAPI/sprites/master/sprites/pokemon/other/official-artwork/506.png
507,507,하데리어,herdier,generation-v,0,0,normal,노말,0.9,14.7,65,80,65,35,65,60,370,data\images\0507_herdier.png,https://raw.githubusercontent.com/PokeAPI/sprites/master/sprites/pokemon/other/official-artwork/507.png
508,508,바랜드,stoutland,generation-v,0,0,normal,노말,1.2,61.0,85,110,90,45,90,80,500,data\images\0508_stoutland.png,https://raw.githubusercontent.com/PokeAPI/sprites/master/sprites/pokemon/other/official-artwork/508.png
509,509,쌔비냥,purrloin,generation-v,0,0,dark,악,0.4,10.1,41,50,37,50,37,66,281,data\images\0509_purrloin.png,https://raw.githubusercontent.com/PokeAPI/sprites/master/sprites/pokemon/other/official-artwork/509.png
510,510,레파르다스,liepard,generation-v,0,0,dark,악,1.1,37.5,64,88,50,88,50,106,446,data\images\0510_liepard.png,https://raw.githubusercontent.com/PokeAPI/sprites/master/sprites/pokemon/other/official-artwork/510.png
511,511,야나프,pansage,generation-v,0,0,grass,풀,0.6,10.5,50,53,48,53,48,64,316,data\images\0511_pansage.png,https://raw.githubusercontent.com/PokeAPI/sprites/master/sprites/pokemon/other/official-artwork/511.png
512,512,야나키,simisage,generation-v,0,0,grass,풀,1.1,30.5,75,98,63,98,63,101,498,data\images\0512_simisage.png,https://raw.githubusercontent.com/PokeAPI/sprites/master/sprites/pokemon/other/official-artwork/512.png
513,513,바오프,pansear,generation-v,0,0,fire,불꽃,0.6,11.0,50,53,48,53,48,64,316,data\images\0513_pansear.png,https://raw.githubusercontent.com/PokeAPI/sprites/master/sprites/pokemon/other/official-artwork/513.png
514,514,바오키,simisear,generation-v,0,0,fire,불꽃,1.0,28.0,75,98,63,98,63,101,498,data\images\0514_simisear.png,https://raw.githubusercontent.com/PokeAPI/sprites/master/sprites/pokemon/other/official-artwork/514.png
515,515,앗차프,panpour,generation-v,0,0,water,물,0.6,13.5,50,53,48,53,48,64,316,data\images\0515_panpour.png,https://raw.githubusercontent.com/PokeAPI/sprites/master/sprites/pokemon/other/official-artwork/515.png
516,516,앗차키,simipour,generation-v,0,0,water,물,1.0,29.0,75,98,63,98,63,101,498,data\images\0516_simipour.png,https://raw.githubusercontent.com/PokeAPI/sprites/master/sprites/pokemon/other/official-artwork/516.png
517,517,몽나,munna,generation-v,0,0,psychic,에스퍼,0.6,23.3,76,25,45,67,55,24,292,data\images\0517_munna.png,https://raw.githubusercontent.com/PokeAPI/sprites/master/sprites/pokemon/other/official-artwork/517.png
518,518,몽얌나,musharna,generation-v,0,0,psychic,에스퍼,1.1,60.5,116,55,85,107,95,29,487,data\images\0518_musharna.png,https://raw.githubusercontent.com/PokeAPI/sprites/master/sprites/pokemon/other/official-artwork/518.png
519,519,콩둘기,pidove,generation-v,0,0,normal|flying,노말|비행,0.3,2.1,50,55,50,36,30,43,264,data\images\0519_pidove.png,https://raw.githubusercontent.com/PokeAPI/sprites/master/sprites/pokemon/other/official-artwork/519.png
520,520,유토브,tranquill,generation-v,0,0,normal|flying,노말|비행,0.6,15.0,62,77,62,50,42,65,358,data\images\0520_tranquill.png,https://raw.githubusercontent.com/PokeAPI/sprites/master/sprites/pokemon/other/official-artwork/520.png
521,521,켄호로우,unfezant,generation-v,0,0,normal|flying,노말|비행,1.2,29.0,80,115,80,65,55,93,488,data\images\0521_unfezant.png,https://raw.githubusercontent.com/PokeAPI/sprites/master/sprites/pokemon/other/official-artwork/521.png
522,522,줄뮤마,blitzle,generation-v,0,0,electric,전기,0.8,29.8,45,60,32,50,32,76,295,data\images\0522_blitzle.png,https://raw.githubusercontent.com/PokeAPI/sprites/master/sprites/pokemon/other/official-artwork/522.png
523,523,제브라이카,zebstrika,generation-v,0,0,electric,전기,1.6,79.5,75,100,63,80,63,116,497,data\images\0523_zebstrika.png,https://raw.githubusercontent.com/PokeAPI/sprites/master/sprites/pokemon/other/official-artwork/523.png
524,524,단굴,roggenrola,generation-v,0,0,rock,바위,0.4,18.0,55,75,85,25,25,15,280,data\images\0524_roggenrola.png,https://raw.githubusercontent.com/PokeAPI/sprites/master/sprites/pokemon/other/official-artwork/524.png
525,525,암트르,boldore,generation-v,0,0,rock,바위,0.9,102.0,70,105,105,50,40,20,390,data\images\0525_boldore.png,https://raw.githubusercontent.com/PokeAPI/sprites/master/sprites/pokemon/other/official-artwork/525.png
526,526,기가이어스,gigalith,generation-v,0,0,rock,바위,1.7,260.0,85,135,130,60,80,25,515,data\images\0526_gigalith.png,https://raw.githubusercontent.com/PokeAPI/sprites/master/sprites/pokemon/other/official-artwork/526.png
527,527,또르박쥐,woobat,generation-v,0,0,psychic|flying,에스퍼|비행,0.4,2.1,65,45,43,55,43,72,323,data\images\0527_woobat.png,https://raw.githubusercontent.com/PokeAPI/sprites/master/sprites/pokemon/other/official-artwork/527.png
528,528,맘박쥐,swoobat,generation-v,0,0,psychic|flying,에스퍼|비행,0.9,10.5,67,57,55,77,55,114,425,data\images\0528_swoobat.png,https://raw.githubusercontent.com/PokeAPI/sprites/master/sprites/pokemon/other/official-artwork/528.png
529,529,두더류,drilbur,generation-v,0,0,ground,땅,0.3,8.5,60,85,40,30,45,68,328,data\images\0529_drilbur.png,https://raw.githubusercontent.com/PokeAPI/sprites/master/sprites/pokemon/other/official-artwork/529.png
530,530,몰드류,excadrill,generation-v,0,0,ground|steel,땅|강철,0.7,40.4,110,135,60,50,65,88,508,data\images\0530_excadrill.png,https://raw.githubusercontent.com/PokeAPI/sprites/master/sprites/pokemon/other/official-artwork/530.png
531,531,다부니,audino,generation-v,0,0,normal,노말,1.1,31.0,103,60,86,60,86,50,445,data\images\0531_audino.png,https://raw.githubusercontent.com/PokeAPI/sprites/master/sprites/pokemon/other/official-artwork/531.png
532,532,으랏차,timburr,generation-v,0,0,fighting,격투,0.6,12.5,75,80,55,25,35,35,305,data\images\0532_timburr.png,https://raw.githubusercontent.com/PokeAPI/sprites/master/sprites/pokemon/other/official-artwork/532.png
533,533,토쇠골,gurdurr,generation-v,0,0,fighting,격투,1.2,40.0,85,105,85,40,50,40,405,data\images\0533_gurdurr.png,https://raw.githubusercontent.com/PokeAPI/sprites/master/sprites/pokemon/other/official-artwork/533.png
534,534,노보청,conkeldurr,generation-v,0,0,fighting,격투,1.4,87.0,105,140,95,55,65,45,505,data\images\0534_conkeldurr.png,https://raw.githubusercontent.com/PokeAPI/sprites/master/sprites/pokemon/other/official-artwork/534.png
535,535,동챙이,tympole,generation-v,0,0,water,물,0.5,4.5,50,50,40,50,40,64,294,data\images\0535_tympole.png,https://raw.githubusercontent.com/PokeAPI/sprites/master/sprites/pokemon/other/official-artwork/535.png
536,536,두까비,palpitoad,generation-v,0,0,water|ground,물|땅,0.8,17.0,75,65,55,65,55,69,384,data\images\0536_palpitoad.png,https://raw.githubusercontent.com/PokeAPI/sprites/master/sprites/pokemon/other/official-artwork/536.png
537,537,두빅굴,seismitoad,generation-v,0,0,water|ground,물|땅,1.5,62.0,105,95,75,85,75,74,509,data\images\0537_seismitoad.png,https://raw.githubusercontent.com/PokeAPI/sprites/master/sprites/pokemon/other/official-artwork/537.png
538,538,던지미,throh,generation-v,0,0,fighting,격투,1.3,55.5,120,100,85,30,85,45,465,data\images\0538_throh.png,https://raw.githubusercontent.com/PokeAPI/sprites/master/sprites/pokemon/other/official-artwork/538.png
539,539,타격귀,sawk,generation-v,0,0,fighting,격투,1.4,51.0,75,125,75,30,75,85,465,data\images\0539_sawk.png,https://raw.githubusercontent.com/PokeAPI/sprites/master/sprites/pokemon/other/official-artwork/539.png
540,540,두르보,sewaddle,generation-v,0,0,bug|grass,벌레|풀,0.3,2.5,45,53,70,40,60,42,310,data\images\0540_sewaddle.png,https://raw.githubusercontent.com/PokeAPI/sprites/master/sprites/pokemon/other/official-artwork/540.png
541,541,두르쿤,swadloon,generation-v,0,0,bug|grass,벌레|풀,0.5,7.3,55,63,90,50,80,42,380,data\images\0541_swadloon.png,https://raw.githubusercontent.com/PokeAPI/sprites/master/sprites/pokemon/other/official-artwork/541.png
542,542,모아머,leavanny,generation-v,0,0,bug|grass,벌레|풀,1.2,20.5,75,103,80,70,80,92,500,data\images\0542_leavanny.png,https://raw.githubusercontent.com/PokeAPI/sprites/master/sprites/pokemon/other/official-artwork/542.png
543,543,마디네,venipede,generation-v,0,0,bug|poison,벌레|독,0.4,5.3,30,45,59,30,39,57,260,data\images\0543_venipede.png,https://raw.githubusercontent.com/PokeAPI/sprites/master/sprites/pokemon/other/official-artwork/543.png
544,544,휠구,whirlipede,generation-v,0,0,bug|poison,벌레|독,1.2,58.5,40,55,99,40,79,47,360,data\images\0544_whirlipede.png,https://raw.githubusercontent.com/PokeAPI/sprites/master/sprites/pokemon/other/official-artwork/544.png
545,545,펜드라,scolipede,generation-v,0,0,bug|poison,벌레|독,2.5,200.5,60,100,89,55,69,112,485,data\images\0545_scolipede.png,https://raw.githubusercontent.com/PokeAPI/sprites/master/sprites/pokemon/other/official-artwork/545.png
546,546,소미안,cottonee,generation-v,0,0,grass|fairy,풀|페어리,0.3,0.6,40,27,60,37,50,66,280,data\images\0546_cottonee.png,https://raw.githubusercontent.com/PokeAPI/sprites/master/sprites/pokemon/other/official-artwork/546.png
547,547,엘풍,whimsicott,generation-v,0,0,grass|fairy,풀|페어리,0.7,6.6,60,67,85,77,75,116,480,data\images\0547_whimsicott.png,https://raw.githubusercontent.com/PokeAPI/sprites/master/sprites/pokemon/other/official-artwork/547.png
548,548,치릴리,petilil,generation-v,0,0,grass,풀,0.5,6.6,45,35,50,70,50,30,280,data\images\0548_petilil.png,https://raw.githubusercontent.com/PokeAPI/sprites/master/sprites/pokemon/other/official-artwork/548.png
549,549,드레디어,lilligant,generation-v,0,0,grass,풀,1.1,16.3,70,60,75,110,75,90,480,data\images\0549_lilligant.png,https://raw.githubusercontent.com/PokeAPI/sprites/master/sprites/pokemon/other/official-artwork/549.png
550,550,배쓰나이,basculin,generation-v,0,0,water,물,1.0,18.0,70,92,65,80,55,98,460,data\images\0550_basculin.png,https://raw.githubusercontent.com/PokeAPI/sprites/master/sprites/pokemon/other/official-artwork/550.png
551,551,깜눈크,sandile,generation-v,0,0,ground|dark,땅|악,0.7,15.2,50,72,35,35,35,65,292,data\images\0551_sandile.png,https://raw.githubusercontent.com/PokeAPI/sprites/master/sprites/pokemon/other/official-artwork/551.png
552,552,악비르,krokorok,generation-v,0,0,ground|dark,땅|악,1.0,33.4,60,82,45,45,45,74,351,data\images\0552_krokorok.png,https://raw.githubusercontent.com/PokeAPI/sprites/master/sprites/pokemon/other/official-artwork/552.png
553,553,악비아르,krookodile,generation-v,0,0,ground|dark,땅|악,1.5,96.3,95,117,80,65,70,92,519,data\images\0553_krookodile.png,https://raw.githubusercontent.com/PokeAPI/sprites/master/sprites/pokemon/other/official-artwork/553.png
554,554,달막화,darumaka,generation-v,0,0,fire,불꽃,0.6,37.5,70,90,45,15,45,50,315,data\images\0554_darumaka.png,https://raw.githubusercontent.com/PokeAPI/sprites/master/sprites/pokemon/other/official-artwork/554.png
555,555,불비달마,darmanitan,generation-v,0,0,fire,불꽃,1.3,92.9,105,140,55,30,55,95,480,data\images\0555_darmanitan.png,https://raw.githubusercontent.com/PokeAPI/sprites/master/sprites/pokemon/other/official-artwork/555.png
556,556,마라카치,maractus,generation-v,0,0,grass,풀,1.0,28.0,75,86,67,106,67,60,461,data\images\0556_maractus.png,https://raw.githubusercontent.com/PokeAPI/sprites/master/sprites/pokemon/other/official-artwork/556.png
557,557,돌살이,dwebble,generation-v,0,0,bug|rock,벌레|바위,0.3,14.5,50,65,85,35,35,55,325,data\images\0557_dwebble.png,https://raw.githubusercontent.com/PokeAPI/sprites/master/sprites/pokemon/other/official-artwork/557.png
558,558,암팰리스,crustle,generation-v,0,0,bug|rock,벌레|바위,1.4,200.0,70,105,125,65,75,45,485,data\images\0558_crustle.png,https://raw.githubusercontent.com/PokeAPI/sprites/master/sprites/pokemon/other/official-artwork/558.png
559,559,곤율랭,scraggy,generation-v,0,0,dark|fighting,악|격투,0.6,11.8,50,75,70,35,70,48,348,data\images\0559_scraggy.png,https://raw.githubusercontent.com/PokeAPI/sprites/master/sprites/pokemon/other/official-artwork/559.png
560,560,곤율거니,scrafty,generation-v,0,0,dark|fighting,악|격투,1.1,30.0,65,90,115,45,115,58,488,data\images\0560_scrafty.png,https://raw.githubusercontent.com/PokeAPI/sprites/master/sprites/pokemon/other/official-artwork/560.png
561,561,심보러,sigilyph,generation-v,0,0,psychic|flying,에스퍼|비행,1.4,14.0,72,58,80,103,80,97,490,data\images\0561_sigilyph.png,https://raw.githubusercontent.com/PokeAPI/sprites/master/sprites/pokemon/other/official-artwork/561.png
562,562,데스마스,yamask,generation-v,0,0,ghost,고스트,0.5,1.5,38,30,85,55,65,30,303,data\images\0562_yamask.png,https://raw.githubusercontent.com/PokeAPI/sprites/master/sprites/pokemon/other/official-artwork/562.png
563,563,데스니칸,cofagrigus,generation-v,0,0,ghost,고스트,1.7,76.5,58,50,145,95,105,30,483,data\images\0563_cofagrigus.png,https://raw.githubusercontent.com/PokeAPI/sprites/master/sprites/pokemon/other/official-artwork/563.png
564,564,프로토가,tirtouga,generation-v,0,0,water|rock,물|바위,0.7,16.5,54,78,103,53,45,22,355,data\images\0564_tirtouga.png,https://raw.githubusercontent.com/PokeAPI/sprites/master/sprites/pokemon/other/official-artwork/564.png
565,565,늑골라,carracosta,generation-v,0,0,water|rock,물|바위,1.2,81.0,74,108,133,83,65,32,495,data\images\0565_carracosta.png,https://raw.githubusercontent.com/PokeAPI/sprites/master/sprites/pokemon/other/official-artwork/565.png
566,566,아켄,archen,generation-v,0,0,rock|flying,바위|비행,0.5,9.5,55,112,45,74,45,70,401,data\images\0566_archen.png,https://raw.githubusercontent.com/PokeAPI/sprites/master/sprites/pokemon/other/official-artwork/566.png
567,567,아케오스,archeops,generation-v,0,0,rock|flying,바위|비행,1.4,32.0,75,140,65,112,65,110,567,data\images\0567_archeops.png,https://raw.githubusercontent.com/PokeAPI/sprites/master/sprites/pokemon/other/official-artwork/567.png
568,568,깨봉이,trubbish,generation-v,0,0,poison,독,0.6,31.0,50,50,62,40,62,65,329,data\images\0568_trubbish.png,https://raw.githubusercontent.com/PokeAPI/sprites/master/sprites/pokemon/other/official-artwork/568.png
569,569,더스트나,garbodor,generation-v,0,0,poison,독,1.9,107.3,80,95,82,60,82,75,474,data\images\0569_garbodor.png,https://raw.githubusercontent.com/PokeAPI/sprites/master/sprites/pokemon/other/official-artwork/569.png
570,570,조로아,zorua,generation-v,0,0,dark,악,0.7,12.5,40,65,40,80,40,65,330,data\images\0570_zorua.png,https://raw.githubusercontent.com/PokeAPI/sprites/master/sprites/pokemon/other/official-artwork/570.png
571,571,조로아크,zoroark,generation-v,0,0,dark,악,1.6,81.1,60,105,60,120,60,105,510,data\images\0571_zoroark.png,https://raw.githubusercontent.com/PokeAPI/sprites/master/sprites/pokemon/other/official-artwork/571.png
572,572,치라미,minccino,generation-v,0,0,normal,노말,0.4,5.8,55,50,40,40,40,75,300,data\images\0572_minccino.png,https://raw.githubusercontent.com/PokeAPI/sprites/master/sprites/pokemon/other/official-artwork/572.png
573,573,치라치노,cinccino,generation-v,0,0,normal,노말,0.5,7.5,75,95,60,65,60,115,470,data\images\0573_cinccino.png,https://raw.githubusercontent.com/PokeAPI/sprites/master/sprites/pokemon/other/official-artwork/573.png
574,574,고디탱,gothita,generation-v,0,0,psychic,에스퍼,0.4,5.8,45,30,50,55,65,45,290,data\images\0574_gothita.png,https://raw.githubusercontent.com/PokeAPI/sprites/master/sprites/pokemon/other/official-artwork/574.png
575,575,고디보미,gothorita,generation-v,0,0,psychic,에스퍼,0.7,18.0,60,45,70,75,85,55,390,data\images\0575_gothorita.png,https://raw.githubusercontent.com/PokeAPI/sprites/master/sprites/pokemon/other/official-artwork/575.png
576,576,고디모아젤,gothitelle,generation-v,0,0,psychic,에스퍼,1.5,44.0,70,55,95,95,110,65,490,data\images\0576_gothitelle.png,https://raw.githubusercontent.com/PokeAPI/sprites/master/sprites/pokemon/other/official-artwork/576.png
577,577,유니란,solosis,generation-v,0,0,psychic,에스퍼,0.3,1.0,45,30,40,105,50,20,290,data\images\0577_solosis.png,https://raw.githubusercontent.com/PokeAPI/sprites/master/sprites/pokemon/other/official-artwork/577.png
578,578,듀란,duosion,generation-v,0,0,psychic,에스퍼,0.6,8.0,65,40,50,125,60,30,370,data\images\0578_duosion.png,https://raw.githubusercontent.com/PokeAPI/sprites/master/sprites/pokemon/other/official-artwork/578.png
579,579,란쿨루스,reuniclus,generation-v,0,0,psychic,에스퍼,1.0,20.1,110,65,75,125,85,30,490,data\images\0579_reuniclus.png,https://raw.githubusercontent.com/PokeAPI/sprites/master/sprites/pokemon/other/official-artwork/579.png
580,580,꼬지보리,ducklett,generation-v,0,0,water|flying,물|비행,0.5,5.5,62,44,50,44,50,55,305,data\images\0580_ducklett.png,https://raw.githubusercontent.com/PokeAPI/sprites/master/sprites/pokemon/other/official-artwork/580.png
581,581,스완나,swanna,generation-v,0,0,water|flying,물|비행,1.3,24.2,75,87,63,87,63,98,473,data\images\0581_swanna.png,https://raw.githubusercontent.com/PokeAPI/sprites/master/sprites/pokemon/other/official-artwork/581.png
582,582,바닐프티,vanillite,generation-v,0,0,ice,얼음,0.4,5.7,36,50,50,65,60,44,305,data\images\0582_vanillite.png,https://raw.githubusercontent.com/PokeAPI/sprites/master/sprites/pokemon/other/official-artwork/582.png
583,583,바닐리치,vanillish,generation-v,0,0,ice,얼음,1.1,41.0,51,65,65,80,75,59,395,data\images\0583_vanillish.png,https://raw.githubusercontent.com/PokeAPI/sprites/master/sprites/pokemon/other/official-artwork/583.png
584,584,배바닐라,vanilluxe,generation-v,0,0,ice,얼음,1.3,57.5,71,95,85,110,95,79,535,data\images\0584_vanilluxe.png,https://raw.githubusercontent.com/PokeAPI/sprites/master/sprites/pokemon/other/official-artwork/584.png
585,585,사철록,deerling,generation-v,0,0,normal|grass,노말|풀,0.6,19.5,60,60,50,40,50,75,335,data\images\0585_deerling.png,https://raw.githubusercontent.com/PokeAPI/sprites/master/sprites/pokemon/other/official-artwork/585.png
586,586,바라철록,sawsbuck,generation-v,0,0,normal|grass,노말|풀,1.9,92.5,80,100,70,60,70,95,475,data\images\0586_sawsbuck.png,https://raw.githubusercontent.com/PokeAPI/sprites/master/sprites/pokemon/other/official-artwork/586.png
587,587,에몽가,emolga,generation-v,0,0,electric|flying,전기|비행,0.4,5.0,55,75,60,75,60,103,428,data\images\0587_emolga.png,https://raw.githubusercontent.com/PokeAPI/sprites/master/sprites/pokemon/other/official-artwork/587.png
588,588,딱정곤,karrablast,generation-v,0,0,bug,벌레,0.5,5.9,50,75,45,40,45,60,315,data\images\0588_karrablast.png,https://raw.githubusercontent.com/PokeAPI/sprites/master/sprites/pokemon/other/official-artwork/588.png
589,589,슈바르고,escavalier,generation-v,0,0,bug|steel,벌레|강철,1.0,33.0,70,135,105,60,105,20,495,data\images\0589_escavalier.png,https://raw.githubusercontent.com/PokeAPI/sprites/master/sprites/pokemon/other/official-artwork/589.png
590,590,깜놀버슬,foongus,generation-v,0,0,grass|poison,풀|독,0.2,1.0,69,55,45,55,55,15,294,data\images\0590_foongus.png,https://raw.githubusercontent.com/PokeAPI/sprites/master/sprites/pokemon/other/official-artwork/590.png
591,591,뽀록나,amoonguss,generation-v,0,0,grass|poison,풀|독,0.6,10.5,114,85,70,85,80,30,464,data\images\0591_amoonguss.png,https://raw.githubusercontent.com/PokeAPI/sprites/master/sprites/pokemon/other/official-artwork/591.png
592,592,탱그릴,frillish,generation-v,0,0,water|ghost,물|고스트,1.2,33.0,55,40,50,65,85,40,335,data\images\0592_frillish.png,https://raw.githubusercontent.com/PokeAPI/sprites/master/sprites/pokemon/other/official-artwork/592.png
593,593,탱탱겔,jellicent,generation-v,0,0,water|ghost,물|고스트,2.2,135.0,100,60,70,85,105,60,480,data\images\0593_jellicent.png,https://raw.githubusercontent.com/PokeAPI/sprites/master/sprites/pokemon/other/official-artwork/593.png
594,594,맘복치,alomomola,generation-v,0,0,water,물,1.2,31.6,165,75,80,40,45,65,470,data\images\0594_alomomola.png,https://raw.githubusercontent.com/PokeAPI/sprites/master/sprites/pokemon/other/official-artwork/594.png
595,595,파쪼옥,joltik,generation-v,0,0,bug|electric,벌레|전기,0.1,0.6,50,47,50,57,50,65,319,data\images\0595_joltik.png,https://raw.githubusercontent.com/PokeAPI/sprites/master/sprites/pokemon/other/official-artwork/595.png
596,596,전툴라,galvantula,generation-v,0,0,bug|electric,벌레|전기,0.8,14.3,70,77,60,97,60,108,472,data\images\0596_galvantula.png,https://raw.githubusercontent.com/PokeAPI/sprites/master/sprites/pokemon/other/official-artwork/596.png
597,597,철시드,ferroseed,generation-v,0,0,grass|steel,풀|강철,0.6,18.8,44,50,91,24,86,10,305,data\images\0597_ferroseed.png,https://raw.githubusercontent.com/PokeAPI/sprites/master/sprites/pokemon/other/official-artwork/597.png
598,598,너트령,ferrothorn,generation-v,0,0,grass|steel,풀|강철,1.0,110.0,74,94,131,54,116,20,489,data\images\0598_ferrothorn.png,https://raw.githubusercontent.com/PokeAPI/sprites/master/sprites/pokemon/other/official-artwork/598.png
599,599,기어르,klink,generation-v,0,0,steel,강철,0.3,21.0,40,55,70,45,60,30,300,data\images\0599_klink.png,https://raw.githubusercontent.com/PokeAPI/sprites/master/sprites/pokemon/other/official-artwork/599.png
600,600,기기어르,klang,generation-v,0,0,steel,강철,0.6,51.0,60,80,95,70,85,50,440,data\images\0600_klang.png,https://raw.githubusercontent.com/PokeAPI/sprites/master/sprites/pokemon/other/official-artwork/600.png
601,601,기기기어르,klinklang,generation-v,0,0,steel,강철,0.6,81.0,60,100,115,70,85,90,520,data\images\0601_klinklang.png,https://raw.githubusercontent.com/PokeAPI/sprites/master/sprites/pokemon/other/official-artwork/601.png
602,602,저리어,tynamo,generation-v,0,0,electric,전기,0.2,0.3,35,55,40,45,40,60,275,data\images\0602_tynamo.png,https://raw.githubusercontent.com/PokeAPI/sprites/master/sprites/pokemon/other/official-artwork/602.png
603,603,저리릴,eelektrik,generation-v,0,0,electric,전기,1.2,22.0,65,85,70,75,70,40,405,data\images\0603_eelektrik.png,https://raw.githubusercontent.com/PokeAPI/sprites/master/sprites/pokemon/other/official-artwork/603.png
604,604,저리더프,eelektross,generation-v,0,0,electric,전기,2.1,80.5,85,115,80,105,80,50,515,data\images\0604_eelektross.png,https://raw.githubusercontent.com/PokeAPI/sprites/master/sprites/pokemon/other/official-artwork/604.png
605,605,리그레,elgyem,generation-v,0,0,psychic,에스퍼,0.5,9.0,55,55,55,85,55,30,335,data\images\0605_elgyem.png,https://raw.githubusercontent.com/PokeAPI/sprites/master/sprites/pokemon/other/official-artwork/605.png
606,606,벰크,beheeyem,generation-v,0,0,psychic,에스퍼,1.0,34.5,75,75,75,125,95,40,485,data\images\0606_beheeyem.png,https://raw.githubusercontent.com/PokeAPI/sprites/master/sprites/pokemon/other/official-artwork/606.png
607,607,불켜미,litwick,generation-v,0,0,ghost|fire,고스트|불꽃,0.3,3.1,50,30,55,65,55,20,275,data\images\0607_litwick.png,https://raw.githubusercontent.com/PokeAPI/sprites/master/sprites/pokemon/other/official-artwork/607.png
608,608,램프라,lampent,generation-v,0,0,ghost|fire,고스트|불꽃,0.6,13.0,60,40,60,95,60,55,370,data\images\0608_lampent.png,https://raw.githubusercontent.com/PokeAPI/sprites/master/sprites/pokemon/other/official-artwork/608.png
609,609,샹델라,chandelure,generation-v,0,0,ghost|fire,고스트|불꽃,1.0,34.3,60,55,90,145,90,80,520,data\images\0609_chandelure.png,https://raw.githubusercontent.com/PokeAPI/sprites/master/sprites/pokemon/other/official-artwork/609.png
610,610,터검니,axew,generation-v,0,0,dragon,드래곤,0.6,18.0,46,87,60,30,40,57,320,data\images\0610_axew.png,https://raw.githubusercontent.com/PokeAPI/sprites/master/sprites/pokemon/other/official-artwork/610.png
611,611,액슨도,fraxure,generation-v,0,0,dragon,드래곤,1.0,36.0,66,117,70,40,50,67,410,data\images\0611_fraxure.png,https://raw.githubusercontent.com/PokeAPI/sprites/master/sprites/pokemon/other/official-artwork/611.png
612,612,액스라이즈,haxorus,generation-v,0,0,dragon,드래곤,1.8,105.5,76,147,90,60,70,97,540,data\images\0612_haxorus.png,https://raw.githubusercontent.com/PokeAPI/sprites/master/sprites/pokemon/other/official-artwork/612.png
613,613,코고미,cubchoo,generation-v,0,0,ice,얼음,0.5,8.5,55,70,40,60,40,40,305,data\images\0613_cubchoo.png,https://raw.githubusercontent.com/PokeAPI/sprites/master/sprites/pokemon/other/official-artwork/613.png
614,614,툰베어,beartic,generation-v,0,0,ice,얼음,2.6,260.0,95,130,80,70,80,50,505,data\images\0614_beartic.png,https://raw.githubusercontent.com/PokeAPI/sprites/master/sprites/pokemon/other/official-artwork/614.png
615,615,프리지오,cryogonal,generation-v,0,0,ice,얼음,1.1,148.0,80,50,50,95,135,105,515,data\images\0615_cryogonal.png,https://raw.githubusercontent.com/PokeAPI/sprites/master/sprites/pokemon/other/official-artwork/615.png
616,616,쪼마리,shelmet,generation-v,0,0,bug,벌레,0.4,7.7,50,40,85,40,65,25,305,data\images\0616_shelmet.png,https://raw.githubusercontent.com/PokeAPI/sprites/master/sprites/pokemon/other/official-artwork/616.png
617,617,어지리더,accelgor,generation-v,0,0,bug,벌레,0.8,25.3,80,70,40,100,60,145,495,data\images\0617_accelgor.png,https://raw.githubusercontent.com/PokeAPI/sprites/master/sprites/pokemon/other/official-artwork/617.png
618,618,메더,stunfisk,generation-v,0,0,ground|electric,땅|전기,0.7,11.0,109,66,84,81,99,32,471,data\images\0618_stunfisk.png,https://raw.githubusercontent.com/PokeAPI/sprites/master/sprites/pokemon/other/official-artwork/618.png
619,619,비조푸,mienfoo,generation-v,0,0,fighting,격투,0.9,20.0,45,85,50,55,50,65,350,data\images\0619_mienfoo.png,https://raw.githubusercontent.com/PokeAPI/sprites/master/sprites/pokemon/other/official-artwork/619.png
620,620,비조도,mienshao,generation-v,0,0,fighting,격투,1.4,35.5,65,125,60,95,60,105,510,data\images\0620_mienshao.png,https://raw.githubusercontent.com/PokeAPI/sprites/master/sprites/pokemon/other/official-artwork/620.png
621,621,크리만,druddigon,generation-v,0,0,dragon,드래곤,1.6,139.0,77,120,90,60,90,48,485,data\images\0621_druddigon.png,https://raw.githubusercontent.com/PokeAPI/sprites/master/sprites/pokemon/other/official-artwork/621.png
622,622,골비람,golett,generation-v,0,0,ground|ghost,땅|고스트,1.0,92.0,59,74,50,35,50,35,303,data\images\0622_golett.png,https://raw.githubusercontent.com/PokeAPI/sprites/master/sprites/pokemon/other/official-artwork/622.png
623,623,골루그,golurk,generation-v,0,0,ground|ghost,땅|고스트,2.8,330.0,89,124,80,55,80,55,483,data\images\0623_golurk.png,https://raw.githubusercontent.com/PokeAPI/sprites/master/sprites/pokemon/other/official-artwork/623.png
624,624,자망칼,pawniard,generation-v,0,0,dark|steel,악|강철,0.5,10.2,45,85,70,40,40,60,340,data\images\0624_pawniard.png,https://raw.githubusercontent.com/PokeAPI/sprites/master/sprites/pokemon/other/official-artwork/624.png
625,625,절각참,bisharp,generation-v,0,0,dark|steel,악|강철,1.6,70.0,65,125,100,60,70,70,490,data\images\0625_bisharp.png,https://raw.githubusercontent.com/PokeAPI/sprites/master/sprites/pokemon/other/official-artwork/625.png
626,626,버프론,bouffalant,generation-v,0,0,normal,노말,1.6,94.6,95,110,95,40,95,55,490,data\images\0626_bouffalant.png,https://raw.githubusercontent.com/PokeAPI/sprites/master/sprites/pokemon/other/official-artwork/626.png
627,627,수리둥보,rufflet,generation-v,0,0,normal|flying,노말|비행,0.5,10.5,70,83,50,37,50,60,350,data\images\0627_rufflet.png,https://raw.githubusercontent.com/PokeAPI/sprites/master/sprites/pokemon/other/official-artwork/627.png
628,628,워글,braviary,generation-v,0,0,normal|flying,노말|비행,1.5,41.0,100,123,75,57,75,80,510,data\images\0628_braviary.png,https://raw.githubusercontent.com/PokeAPI/sprites/master/sprites/pokemon/other/official-artwork/628.png
629,629,벌차이,vullaby,generation-v,0,0,dark|flying,악|비행,0.5,9.0,70,55,75,45,65,60,370,data\images\0629_vullaby.png,https://raw.githubusercontent.com/PokeAPI/sprites/master/sprites/pokemon/other/official-artwork/629.png
630,630,버랜지나,mandibuzz,generation-v,0,0,dark|flying,악|비행,1.2,39.5,110,65,105,55,95,80,510,data\images\0630_mandibuzz.png,https://raw.githubusercontent.com/PokeAPI/sprites/master/sprites/pokemon/other/official-artwork/630.png
631,631,앤티골,heatmor,generation-v,0,0,fire,불꽃,1.4,58.0,85,97,66,105,66,65,484,data\images\0631_heatmor.png,https://raw.githubusercontent.com/PokeAPI/sprites/master/sprites/pokemon/other/official-artwork/631.png
632,632,아이앤트,durant,generation-v,0,0,bug|steel,벌레|강철,0.3,33.0,58,109,112,48,48,109,484,data\images\0632_durant.png,https://raw.githubusercontent.com/PokeAPI/sprites/master/sprites/pokemon/other/official-artwork/632.png
633,633,모노두,deino,generation-v,0,0,dark|dragon,악|드래곤,0.8,17.3,52,65,50,45,50,38,300,data\images\0633_deino.png,https://raw.githubusercontent.com/PokeAPI/sprites/master/sprites/pokemon/other/official-artwork/633.png
634,634,디헤드,zweilous,generation-v,0,0,dark|dragon,악|드래곤,1.4,50.0,72,85,70,65,70,58,420,data\images\0634_zweilous.png,https://raw.githubusercontent.com/PokeAPI/sprites/master/sprites/pokemon/other/official-artwork/634.png
635,635,삼삼드래,hydreigon,generation-v,0,0,dark|dragon,악|드래곤,1.8,160.0,92,105,90,125,90,98,600,data\images\0635_hydreigon.png,https://raw.githubusercontent.com/PokeAPI/sprites/master/sprites/pokemon/other/official-artwork/635.png
636,636,활화르바,larvesta,generation-v,0,0,bug|fire,벌레|불꽃,1.1,28.8,55,85,55,50,55,60,360,data\images\0636_larvesta.png,https://raw.githubusercontent.com/PokeAPI/sprites/master/sprites/pokemon/other/official-artwork/636.png
637,637,불카모스,volcarona,generation-v,0,0,bug|fire,벌레|불꽃,1.6,46.0,85,60,65,135,105,100,550,data\images\0637_volcarona.png,https://raw.githubusercontent.com/PokeAPI/sprites/master/sprites/pokemon/other/official-artwork/637.png
638,638,코바르온,cobalion,generation-v,1,0,steel|fighting,강철|격투,2.1,250.0,91,90,129,90,72,108,580,data\images\0638_cobalion.png,https://raw.githubusercontent.com/PokeAPI/sprites/master/sprites/pokemon/other/official-artwork/638.png
639,639,테라키온,terrakion,generation-v,1,0,rock|fighting,바위|격투,1.9,260.0,91,129,90,72,90,108,580,data\images\0639_terrakion.png,https://raw.githubusercontent.com/PokeAPI/sprites/master/sprites/pokemon/other/official-artwork/639.png
640,640,비리디온,virizion,generation-v,1,0,grass|fighting,풀|격투,2.0,200.0,91,90,72,90,129,108,580,data\images\0640_virizion.png,https://raw.githubusercontent.com/PokeAPI/sprites/master/sprites/pokemon/other/official-artwork/640.png
641,641,토네로스,tornadus,generation-v,1,0,flying,비행,1.5,63.0,79,115,70,125,80,111,580,data\images\0641_tornadus.png,https://raw.githubusercontent.com/PokeAPI/sprites/master/sprites/pokemon/other/official-artwork/641.png
642,642,볼트로스,thundurus,generation-v,1,0,electric|flying,전기|비행,1.5,61.0,79,115,70,125,80,111,580,data\images\0642_thundurus.png,https://raw.githubusercontent.com/PokeAPI/sprites/master/sprites/pokemon/other/official-artwork/642.png
643,643,레시라무,reshiram,generation-v,1,0,dragon|fire,드래곤|불꽃,3.2,330.0,100,120,100,150,120,90,680,data\images\0643_reshiram.png,https://raw.githubusercontent.com/PokeAPI/sprites/master/sprites/pokemon/other/official-artwork/643.png
644,644,제크로무,zekrom,generation-v,1,0,dragon|electric,드래곤|전기,2.9,345.0,100,150,120,120,100,90,680,data\images\0644_zekrom.png,https://raw.githubusercontent.com/PokeAPI/sprites/master/sprites/pokemon/other/official-artwork/644.png
645,645,랜드로스,landorus,generation-v,1,0,ground|flying,땅|비행,1.5,68.0,89,125,90,115,80,101,600,data\images\0645_landorus.png,https://raw.githubusercontent.com/PokeAPI/sprites/master/sprites/pokemon/other/official-artwork/645.png
646,646,큐레무,kyurem,generation-v,1,0,dragon|ice,드래곤|얼음,3.0,325.0,125,130,90,130,90,95,660,data\images\0646_kyurem.png,https://raw.githubusercontent.com/PokeAPI/sprites/master/sprites/pokemon/other/official-artwork/646.png
647,647,케르디오,keldeo,generation-v,0,1,water|fighting,물|격투,1.4,48.5,91,72,90,129,90,108,580,data\images\0647_keldeo.png,https://raw.githubusercontent.com/PokeAPI/sprites/master/sprites/pokemon/other/official-artwork/647.png
648,648,메로엣타,meloetta,generation-v,0,1,normal|psychic,노말|에스퍼,0.6,6.5,100,77,77,128,128,90,600,data\images\0648_meloetta.png,https://raw.githubusercontent.com/PokeAPI/sprites/master/sprites/pokemon/other/official-artwork/648.png
649,649,게노세크트,genesect,generation-v,0,1,bug|steel,벌레|강철,1.5,82.5,71,120,95,120,95,99,600,data\images\0649_genesect.png,https://raw.githubusercontent.com/PokeAPI/sprites/master/sprites/pokemon/other/official-artwork/649.png
650,650,도치마론,chespin,generation-vi,0,0,grass,풀,0.4,9.0,56,61,65,48,45,38,313,data\images\0650_chespin.png,https://raw.githubusercontent.com/PokeAPI/sprites/master/sprites/pokemon/other/official-artwork/650.png
651,651,도치보구,quilladin,generation-vi,0,0,grass,풀,0.7,29.0,61,78,95,56,58,57,405,data\images\0651_quilladin.png,https://raw.githubusercontent.com/PokeAPI/sprites/master/sprites/pokemon/other/official-artwork/651.png
652,652,브리가론,chesnaught,generation-vi,0,0,grass|fighting,풀|격투,1.6,90.0,88,107,122,74,75,64,530,data\images\0652_chesnaught.png,https://raw.githubusercontent.com/PokeAPI/sprites/master/sprites/pokemon/other/official-artwork/652.png
653,653,푸호꼬,fennekin,generation-vi,0,0,fire,불꽃,0.4,9.4,40,45,40,62,60,60,307,data\images\0653_fennekin.png,https://raw.githubusercontent.com/PokeAPI/sprites/master/sprites/pokemon/other/official-artwork/653.png
654,654,테르나,braixen,generation-vi,0,0,fire,불꽃,1.0,14.5,59,59,58,90,70,73,409,data\images\0654_braixen.png,https://raw.githubusercontent.com/PokeAPI/sprites/master/sprites/pokemon/other/official-artwork/654.png
655,655,마폭시,delphox,generation-vi,0,0,fire|psychic,불꽃|에스퍼,1.5,39.0,75,69,72,114,100,104,534,data\images\0655_delphox.png,https://raw.githubusercontent.com/PokeAPI/sprites/master/sprites/pokemon/other/official-artwork/655.png
656,656,개구마르,froakie,generation-vi,0,0,water,물,0.3,7.0,41,56,40,62,44,71,314,data\images\0656_froakie.png,https://raw.githubusercontent.com/PokeAPI/sprites/master/sprites/pokemon/other/official-artwork/656.png
657,657,개굴반장,frogadier,generation-vi,0,0,water,물,0.6,10.9,54,63,52,83,56,97,405,data\images\0657_frogadier.png,https://raw.githubusercontent.com/PokeAPI/sprites/master/sprites/pokemon/other/official-artwork/657.png
658,658,개굴닌자,greninja,generation-vi,0,0,water|dark,물|악,1.5,40.0,72,95,67,103,71,122,530,data\images\0658_greninja.png,https://raw.githubusercontent.com/PokeAPI/sprites/master/sprites/pokemon/other/official-artwork/658.png
659,659,파르빗,bunnelby,generation-vi,0,0,normal,노말,0.4,5.0,38,36,38,32,36,57,237,data\images\0659_bunnelby.png,https://raw.githubusercontent.com/PokeAPI/sprites/master/sprites/pokemon/other/official-artwork/659.png
660,660,파르토,diggersby,generation-vi,0,0,normal|ground,노말|땅,1.0,42.4,85,56,77,50,77,78,423,data\images\0660_diggersby.png,https://raw.githubusercontent.com/PokeAPI/sprites/master/sprites/pokemon/other/official-artwork/660.png
661,661,화살꼬빈,fletchling,generation-vi,0,0,normal|flying,노말|비행,0.3,1.7,45,50,43,40,38,62,278,data\images\0661_fletchling.png,https://raw.githubusercontent.com/PokeAPI/sprites/master/sprites/pokemon/other/official-artwork/661.png
662,662,불화살빈,fletchinder,generation-vi,0,0,fire|flying,불꽃|비행,0.7,16.0,62,73,55,56,52,84,382,data\images\0662_fletchinder.png,https://raw.githubusercontent.com/PokeAPI/sprites/master/sprites/pokemon/other/official-artwork/662.png
663,663,파이어로,talonflame,generation-vi,0,0,fire|flying,불꽃|비행,1.2,24.5,78,81,71,74,69,126,499,data\images\0663_talonflame.png,https://raw.githubusercontent.com/PokeAPI/sprites/master/sprites/pokemon/other/official-artwork/663.png
664,664,분이벌레,scatterbug,generation-vi,0,0,bug,벌레,0.3,2.5,38,35,40,27,25,35,200,data\images\0664_scatterbug.png,https://raw.githubusercontent.com/PokeAPI/sprites/master/sprites/pokemon/other/official-artwork/664.png
665,665,분떠도리,spewpa,generation-vi,0,0,bug,벌레,0.3,8.4,45,22,60,27,30,29,213,data\images\0665_spewpa.png,https://raw.githubusercontent.com/PokeAPI/sprites/master/sprites/pokemon/other/official-artwork/665.png
666,666,비비용,vivillon,generation-vi,0,0,bug|flying,벌레|비행,1.2,17.0,80,52,50,90,50,89,411,data\images\0666_vivillon.png,https://raw.githubusercontent.com/PokeAPI/sprites/master/sprites/pokemon/other/official-artwork/666.png
667,667,레오꼬,litleo,generation-vi,0,0,fire|normal,불꽃|노말,0.6,13.5,62,50,58,73,54,72,369,data\images\0667_litleo.png,https://raw.githubusercontent.com/PokeAPI/sprites/master/sprites/pokemon/other/official-artwork/667.png
668,668,화염레오,pyroar,generation-vi,0,0,fire|normal,불꽃|노말,1.5,81.5,86,68,72,109,66,106,507,data\images\0668_pyroar.png,https://raw.githubusercontent.com/PokeAPI/sprites/master/sprites/pokemon/other/official-artwork/668.png
669,669,플라베베,flabebe,generation-vi,0,0,fairy,페어리,0.1,0.1,44,38,39,61,79,42,303,data\images\0669_flabebe.png,https://raw.githubusercontent.com/PokeAPI/sprites/master/sprites/pokemon/other/official-artwork/669.png
670,670,플라엣테,floette,generation-vi,0,0,fairy,페어리,0.2,0.9,54,45,47,75,98,52,371,data\images\0670_floette.png,https://raw.githubusercontent.com/PokeAPI/sprites/master/sprites/pokemon/other/official-artwork/670.png
671,671,플라제스,florges,generation-vi,0,0,fairy,페어리,1.1,10.0,78,65,68,112,154,75,552,data\images\0671_florges.png,https://raw.githubusercontent.com/PokeAPI/sprites/master/sprites/pokemon/other/official-artwork/671.png
672,672,메이클,skiddo,generation-vi,0,0,grass,풀,0.9,31.0,66,65,48,62,57,52,350,data\images\0672_skiddo.png,https://raw.githubusercontent.com/PokeAPI/sprites/master/sprites/pokemon/other/official-artwork/672.png
673,673,고고트,gogoat,generation-vi,0,0,grass,풀,1.7,91.0,123,100,62,97,81,68,531,data\images\0673_gogoat.png,https://raw.githubusercontent.com/PokeAPI/sprites/master/sprites/pokemon/other/official-artwork/673.png
674,674,판짱,pancham,generation-vi,0,0,fighting,격투,0.6,8.0,67,82,62,46,48,43,348,data\images\0674_pancham.png,https://raw.githubusercontent.com/PokeAPI/sprites/master/sprites/pokemon/other/official-artwork/674.png
675,675,부란다,pangoro,generation-vi,0,0,fighting|dark,격투|악,2.1,136.0,95,124,78,69,71,58,495,data\images\0675_pangoro.png,https://raw.githubusercontent.com/PokeAPI/sprites/master/sprites/pokemon/other/official-artwork/675.png
676,676,트리미앙,furfrou,generation-vi,0,0,normal,노말,1.2,28.0,75,80,60,65,90,102,472,data\images\0676_furfrou.png,https://raw.githubusercontent.com/PokeAPI/sprites/master/sprites/pokemon/other/official-artwork/676.png
677,677,냐스퍼,espurr,generation-vi,0,0,psychic,에스퍼,0.3,3.5,62,48,54,63,60,68,355,data\images\0677_espurr.png,https://raw.githubusercontent.com/PokeAPI/sprites/master/sprites/pokemon/other/official-artwork/677.png
678,678,냐오닉스,meowstic,generation-vi,0,0,psychic,에스퍼,0.6,8.5,74,48,76,83,81,104,466,data\images\0678_meowstic.png,https://raw.githubusercontent.com/PokeAPI/sprites/master/sprites/pokemon/other/official-artwork/678.png
679,679,단칼빙,honedge,generation-vi,0,0,steel|ghost,강철|고스트,0.8,2.0,45,80,100,35,37,28,325,data\images\0679_honedge.png,https://raw.githubusercontent.com/PokeAPI/sprites/master/sprites/pokemon/other/official-artwork/679.png
680,680,쌍검킬,doublade,generation-vi,0,0,steel|ghost,강철|고스트,0.8,4.5,59,110,150,45,49,35,448,data\images\0680_doublade.png,https://raw.githubusercontent.com/PokeAPI/sprites/master/sprites/pokemon/other/official-artwork/680.png
681,681,킬가르도,aegislash,generation-vi,0,0,steel|ghost,강철|고스트,1.7,53.0,60,50,140,50,140,60,500,data\images\0681_aegislash.png,https://raw.githubusercontent.com/PokeAPI/sprites/master/sprites/pokemon/other/official-artwork/681.png
682,682,슈쁘,spritzee,generation-vi,0,0,fairy,페어리,0.2,0.5,78,52,60,63,65,23,341,data\images\0682_spritzee.png,https://raw.githubusercontent.com/PokeAPI/sprites/master/sprites/pokemon/other/official-artwork/682.png
683,683,프레프티르,aromatisse,generation-vi,0,0,fairy,페어리,0.8,15.5,101,72,72,99,89,29,462,data\images\0683_aromatisse.png,https://raw.githubusercontent.com/PokeAPI/sprites/master/sprites/pokemon/other/official-artwork/683.png
684,684,나룸퍼프,swirlix,generation-vi,0,0,fairy,페어리,0.4,3.5,62,48,66,59,57,49,341,data\images\0684_swirlix.png,https://raw.githubusercontent.com/PokeAPI/sprites/master/sprites/pokemon/other/official-artwork/684.png
685,685,나루림,slurpuff,generation-vi,0,0,fairy,페어리,0.8,5.0,82,80,86,85,75,72,480,data\images\0685_slurpuff.png,https://raw.githubusercontent.com/PokeAPI/sprites/master/sprites/pokemon/other/official-artwork/685.png
686,686,오케이징,inkay,generation-vi,0,0,dark|psychic,악|에스퍼,0.4,3.5,53,54,53,37,46,45,288,data\images\0686_inkay.png,https://raw.githubusercontent.com/PokeAPI/sprites/master/sprites/pokemon/other/official-artwork/686.png
687,687,칼라마네로,malamar,generation-vi,0,0,dark|psychic,악|에스퍼,1.5,47.0,86,92,88,68,75,73,482,data\images\0687_malamar.png,https://raw.githubusercontent.com/PokeAPI/sprites/master/sprites/pokemon/other/official-artwork/687.png
688,688,거북손손,binacle,generation-vi,0,0,rock|water,바위|물,0.5,31.0,42,52,67,39,56,50,306,data\images\0688_binacle.png,https://raw.githubusercontent.com/PokeAPI/sprites/master/sprites/pokemon/other/official-artwork/688.png
689,689,거북손데스,barbaracle,generation-vi,0,0,rock|water,바위|물,1.3,96.0,72,105,115,54,86,68,500,data\images\0689_barbaracle.png,https://raw.githubusercontent.com/PokeAPI/sprites/master/sprites/pokemon/other/official-artwork/689.png
690,690,수레기,skrelp,generation-vi,0,0,poison|water,독|물,0.5,7.3,50,60,60,60,60,30,320,data\images\0690_skrelp.png,https://raw.githubusercontent.com/PokeAPI/sprites/master/sprites/pokemon/other/official-artwork/690.png
691,691,드래캄,dragalge,generation-vi,0,0,poison|dragon,독|드래곤,1.8,81.5,65,75,90,97,123,44,494,data\images\0691_dragalge.png,https://raw.githubusercontent.com/PokeAPI/sprites/master/sprites/pokemon/other/official-artwork/691.png
692,692,완철포,clauncher,generation-vi,0,0,water,물,0.5,8.3,50,53,62,58,63,44,330,data\images\0692_clauncher.png,https://raw.githubusercontent.com/PokeAPI/sprites/master/sprites/pokemon/other/official-artwork/692.png
693,693,블로스터,clawitzer,generation-vi,0,0,water,물,1.3,35.3,71,73,88,120,89,59,500,data\images\0693_clawitzer.png,https://raw.githubusercontent.com/PokeAPI/sprites/master/sprites/pokemon/other/official-artwork/693.png
694,694,목도리키텔,helioptile,generation-vi,0,0,electric|normal,전기|노말,0.5,6.0,44,38,33,61,43,70,289,data\images\0694_helioptile.png,https://raw.githubusercontent.com/PokeAPI/sprites/master/sprites/pokemon/other/official-artwork/694.png
695,695,일레도리자드,heliolisk,generation-vi,0,0,electric|normal,전기|노말,1.0,21.0,62,55,52,109,94,109,481,data\images\0695_heliolisk.png,https://raw.githubusercontent.com/PokeAPI/sprites/master/sprites/pokemon/other/official-artwork/695.png
696,696,티고라스,tyrunt,generation-vi,0,0,rock|dragon,바위|드래곤,0.8,26.0,58,89,77,45,45,48,362,data\images\0696_tyrunt.png,https://raw.githubusercontent.com/PokeAPI/sprites/master/sprites/pokemon/other/official-artwork/696.png
697,697,견고라스,tyrantrum,generation-vi,0,0,rock|dragon,바위|드래곤,2.5,270.0,82,121,119,69,59,71,521,data\images\0697_tyrantrum.png,https://raw.githubusercontent.com/PokeAPI/sprites/master/sprites/pokemon/other/official-artwork/697.png
698,698,아마루스,amaura,generation-vi,0,0,rock|ice,바위|얼음,1.3,25.2,77,59,50,67,63,46,362,data\images\0698_amaura.png,https://raw.githubusercontent.com/PokeAPI/sprites/master/sprites/pokemon/other/official-artwork/698.png
699,699,아마루르가,aurorus,generation-vi,0,0,rock|ice,바위|얼음,2.7,225.0,123,77,72,99,92,58,521,data\images\0699_aurorus.png,https://raw.githubusercontent.com/PokeAPI/sprites/master/sprites/pokemon/other/official-artwork/699.png
700,700,님피아,sylveon,generation-vi,0,0,fairy,페어리,1.0,23.5,95,65,65,110,130,60,525,data\images\0700_sylveon.png,https://raw.githubusercontent.com/PokeAPI/sprites/master/sprites/pokemon/other/official-artwork/700.png
701,701,루차불,hawlucha,generation-vi,0,0,fighting|flying,격투|비행,0.8,21.5,78,92,75,74,63,118,500,data\images\0701_hawlucha.png,https://raw.githubusercontent.com/PokeAPI/sprites/master/sprites/pokemon/other/official-artwork/701.png
702,702,데덴네,dedenne,generation-vi,0,0,electric|fairy,전기|페어리,0.2,2.2,67,58,57,81,67,101,431,data\images\0702_dedenne.png,https://raw.githubusercontent.com/PokeAPI/sprites/master/sprites/pokemon/other/official-artwork/702.png
703,703,멜리시,carbink,generation-vi,0,0,rock|fairy,바위|페어리,0.3,5.7,50,50,150,50,150,50,500,data\images\0703_carbink.png,https://raw.githubusercontent.com/PokeAPI/sprites/master/sprites/pokemon/other/official-artwork/703.png
704,704,미끄메라,goomy,generation-vi,0,0,dragon,드래곤,0.3,2.8,45,50,35,55,75,40,300,data\images\0704_goomy.png,https://raw.githubusercontent.com/PokeAPI/sprites/master/sprites/pokemon/other/official-artwork/704.png
705,705,미끄네일,sliggoo,generation-vi,0,0,dragon,드래곤,0.8,17.5,68,75,53,83,113,60,452,data\images\0705_sliggoo.png,https://raw.githubusercontent.com/PokeAPI/sprites/master/sprites/pokemon/other/official-artwork/705.png
706,706,미끄래곤,goodra,generation-vi,0,0,dragon,드래곤,2.0,150.5,90,100,70,110,150,80,600,data\images\0706_goodra.png,https://raw.githubusercontent.com/PokeAPI/sprites/master/sprites/pokemon/other/official-artwork/706.png
707,707,클레피,klefki,generation-vi,0,0,steel|fairy,강철|페어리,0.2,3.0,57,80,91,80,87,75,470,data\images\0707_klefki.png,https://raw.githubusercontent.com/PokeAPI/sprites/master/sprites/pokemon/other/official-artwork/707.png
708,708,나목령,phantump,generation-vi,0,0,ghost|grass,고스트|풀,0.4,7.0,43,70,48,50,60,38,309,data\images\0708_phantump.png,https://raw.githubusercontent.com/PokeAPI/sprites/master/sprites/pokemon/other/official-artwork/708.png
709,709,대로트,trevenant,generation-vi,0,0,ghost|grass,고스트|풀,1.5,71.0,85,110,76,65,82,56,474,data\images\0709_trevenant.png,https://raw.githubusercontent.com/PokeAPI/sprites/master/sprites/pokemon/other/official-artwork/709.png
710,710,호바귀,pumpkaboo,generation-vi,0,0,ghost|grass,고스트|풀,0.4,5.0,49,66,70,44,55,51,335,data\images\0710_pumpkaboo.png,https://raw.githubusercontent.com/PokeAPI/sprites/master/sprites/pokemon/other/official-artwork/710.png
711,711,펌킨인,gourgeist,generation-vi,0,0,ghost|grass,고스트|풀,0.9,12.5,65,90,122,58,75,84,494,data\images\0711_gourgeist.png,https://raw.githubusercontent.com/PokeAPI/sprites/master/sprites/pokemon/other/official-artwork/711.png
712,712,꽁어름,bergmite,generation-vi,0,0,ice,얼음,1.0,99.5,55,69,85,32,35,28,304,data\images\0712_bergmite.png,https://raw.githubusercontent.com/PokeAPI/sprites/master/sprites/pokemon/other/official-artwork/712.png
713,713,크레베이스,avalugg,generation-vi,0,0,ice,얼음,2.0,505.0,95,117,184,44,46,28,514,data\images\0713_avalugg.png,https://raw.githubusercontent.com/PokeAPI/sprites/master/sprites/pokemon/other/official-artwork/713.png
714,714,음뱃,noibat,generation-vi,0,0,flying|dragon,비행|드래곤,0.5,8.0,40,30,35,45,40,55,245,data\images\0714_noibat.png,https://raw.githubusercontent.com/PokeAPI/sprites/master/sprites/pokemon/other/official-artwork/714.png
715,715,음번,noivern,generation-vi,0,0,flying|dragon,비행|드래곤,1.5,85.0,85,70,80,97,80,123,535,data\images\0715_noivern.png,https://raw.githubusercontent.com/PokeAPI/sprites/master/sprites/pokemon/other/official-artwork/715.png
716,716,제르네아스,xerneas,generation-vi,1,0,fairy,페어리,3.0,215.0,126,131,95,131,98,99,680,data\images\0716_xerneas.png,https://raw.githubusercontent.com/PokeAPI/sprites/master/sprites/pokemon/other/official-artwork/716.png
717,717,이벨타르,yveltal,generation-vi,1,0,dark|flying,악|비행,5.8,203.0,126,131,95,131,98,99,680,data\images\0717_yveltal.png,https://raw.githubusercontent.com/PokeAPI/sprites/master/sprites/pokemon/other/official-artwork/717.png
718,718,지가르데,zygarde,generation-vi,1,0,dragon|ground,드래곤|땅,5.0,305.0,108,100,121,81,95,95,600,data\images\0718_zygarde.png,https://raw.githubusercontent.com/PokeAPI/sprites/master/sprites/pokemon/other/official-artwork/718.png
719,719,디안시,diancie,generation-vi,0,1,rock|fairy,바위|페어리,0.7,8.8,50,100,150,100,150,50,600,data\images\0719_diancie.png,https://raw.githubusercontent.com/PokeAPI/sprites/master/sprites/pokemon/other/official-artwork/719.png
720,720,후파,hoopa,generation-vi,0,1,psychic|ghost,에스퍼|고스트,0.5,9.0,80,110,60,150,130,70,600,data\images\0720_hoopa.png,https://raw.githubusercontent.com/PokeAPI/sprites/master/sprites/pokemon/other/official-artwork/720.png
721,721,볼케니온,volcanion,generation-vi,0,1,fire|water,불꽃|물,1.7,195.0,80,110,120,130,90,70,600,data\images\0721_volcanion.png,https://raw.githubusercontent.com/PokeAPI/sprites/master/sprites/pokemon/other/official-artwork/721.png
722,722,나몰빼미,rowlet,generation-vii,0,0,grass|flying,풀|비행,0.3,1.5,68,55,55,50,50,42,320,data\images\0722_rowlet.png,https://raw.githubusercontent.com/PokeAPI/sprites/master/sprites/pokemon/other/official-artwork/722.png
723,723,빼미스로우,dartrix,generation-vii,0,0,grass|flying,풀|비행,0.7,16.0,78,75,75,70,70,52,420,data\images\0723_dartrix.png,https://raw.githubusercontent.com/PokeAPI/sprites/master/sprites/pokemon/other/official-artwork/723.png
724,724,모크나이퍼,decidueye,generation-vii,0,0,grass|ghost,풀|고스트,1.6,36.6,78,107,75,100,100,70,530,data\images\0724_decidueye.png,https://raw.githubusercontent.com/PokeAPI/sprites/master/sprites/pokemon/other/official-artwork/724.png
725,725,냐오불,litten,generation-vii,0,0,fire,불꽃,0.4,4.3,45,65,40,60,40,70,320,data\images\0725_litten.png,https://raw.githubusercontent.com/PokeAPI/sprites/master/sprites/pokemon/other/official-artwork/725.png
726,726,냐오히트,torracat,generation-vii,0,0,fire,불꽃,0.7,25.0,65,85,50,80,50,90,420,data\images\0726_torracat.png,https://raw.githubusercontent.com/PokeAPI/sprites/master/sprites/pokemon/other/official-artwork/726.png
727,727,어흥염,incineroar,generation-vii,0,0,fire|dark,불꽃|악,1.8,83.0,95,115,90,80,90,60,530,data\images\0727_incineroar.png,https://raw.githubusercontent.com/PokeAPI/sprites/master/sprites/pokemon/other/official-artwork/727.png
728,728,누리공,popplio,generation-vii,0,0,water,물,0.4,7.5,50,54,54,66,56,40,320,data\images\0728_popplio.png,https://raw.githubusercontent.com/PokeAPI/sprites/master/sprites/pokemon/other/official-artwork/728.png
729,729,키요공,brionne,generation-vii,0,0,water,물,0.6,17.5,60,69,69,91,81,50,420,data\images\0729_brionne.png,https://raw.githubusercontent.com/PokeAPI/sprites/master/sprites/pokemon/other/official-artwork/729.png
730,730,누리레느,primarina,generation-vii,0,0,water|fairy,물|페어리,1.8,44.0,80,74,74,126,116,60,530,data\images\0730_primarina.png,https://raw.githubusercontent.com/PokeAPI/sprites/master/sprites/pokemon/other/official-artwork/730.png
731,731,콕코구리,pikipek,generation-vii,0,0,normal|flying,노말|비행,0.3,1.2,35,75,30,30,30,65,265,data\images\0731_pikipek.png,https://raw.githubusercontent.com/PokeAPI/sprites/master/sprites/pokemon/other/official-artwork/731.png
732,732,크라파,trumbeak,generation-vii,0,0,normal|flying,노말|비행,0.6,14.8,55,85,50,40,50,75,355,data\images\0732_trumbeak.png,https://raw.githubusercontent.com/PokeAPI/sprites/master/sprites/pokemon/other/official-artwork/732.png
733,733,왕큰부리,toucannon,generation-vii,0,0,normal|flying,노말|비행,1.1,26.0,80,120,75,75,75,60,485,data\images\0733_toucannon.png,https://raw.githubusercontent.com/PokeAPI/sprites/master/sprites/pokemon/other/official-artwork/733.png
734,734,영구스,yungoos,generation-vii,0,0,normal,노말,0.4,6.0,48,70,30,30,30,45,253,data\images\0734_yungoos.png,https://raw.githubusercontent.com/PokeAPI/sprites/master/sprites/pokemon/other/official-artwork/734.png
735,735,형사구스,gumshoos,generation-vii,0,0,normal,노말,0.7,14.2,88,110,60,55,60,45,418,data\images\0735_gumshoos.png,https://raw.githubusercontent.com/PokeAPI/sprites/master/sprites/pokemon/other/official-artwork/735.png
736,736,턱지충이,grubbin,generation-vii,0,0,bug,벌레,0.4,4.4,47,62,45,55,45,46,300,data\images\0736_grubbin.png,https://raw.githubusercontent.com/PokeAPI/sprites/master/sprites/pokemon/other/official-artwork/736.png
737,737,전지충이,charjabug,generation-vii,0,0,bug|electric,벌레|전기,0.5,10.5,57,82,95,55,75,36,400,data\images\0737_charjabug.png,https://raw.githubusercontent.com/PokeAPI/sprites/master/sprites/pokemon/other/official-artwork/737.png
738,738,투구뿌논,vikavolt,generation-vii,0,0,bug|electric,벌레|전기,1.5,45.0,77,70,90,145,75,43,500,data\images\0738_vikavolt.png,https://raw.githubusercontent.com/PokeAPI/sprites/master/sprites/pokemon/other/official-artwork/738.png
739,739,오기지게,crabrawler,generation-vii,0,0,fighting,격투,0.6,7.0,47,82,57,42,47,63,338,data\images\0739_crabrawler.png,https://raw.githubusercontent.com/PokeAPI/sprites/master/sprites/pokemon/other/official-artwork/739.png
740,740,모단단게,crabominable,generation-vii,0,0,fighting|ice,격투|얼음,1.7,180.0,97,132,77,62,67,43,478,data\images\0740_crabominable.png,https://raw.githubusercontent.com/PokeAPI/sprites/master/sprites/pokemon/other/official-artwork/740.png
741,741,춤추새,oricorio,generation-vii,0,0,fire|flying,불꽃|비행,0.6,3.4,75,70,70,98,70,93,476,data\images\0741_oricorio.png,https://raw.githubusercontent.com/PokeAPI/sprites/master/sprites/pokemon/other/official-artwork/741.png
742,742,에블리,cutiefly,generation-vii,0,0,bug|fairy,벌레|페어리,0.1,0.2,40,45,40,55,40,84,304,data\images\0742_cutiefly.png,https://raw.githubusercontent.com/PokeAPI/sprites/master/sprites/pokemon/other/official-artwork/742.png
743,743,에리본,ribombee,generation-vii,0,0,bug|fairy,벌레|페어리,0.2,0.5,60,55,60,95,70,124,464,data\images\0743_ribombee.png,https://raw.githubusercontent.com/PokeAPI/sprites/master/sprites/pokemon/other/official-artwork/743.png
744,744,암멍이,rockruff,generation-vii,0,0,rock,바위,0.5,9.2,45,65,40,30,40,60,280,data\images\0744_rockruff.png,https://raw.githubusercontent.com/PokeAPI/sprites/master/sprites/pokemon/other/official-artwork/744.png
745,745,루가루암,lycanroc,generation-vii,0,0,rock,바위,0.8,25.0,75,115,65,55,65,112,487,data\images\0745_lycanroc.png,https://raw.githubusercontent.com/PokeAPI/sprites/master/sprites/pokemon/other/official-artwork/745.png
746,746,약어리,wishiwashi,generation-vii,0,0,water,물,0.2,0.3,45,20,20,25,25,40,175,data\images\0746_wishiwashi.png,https://raw.githubusercontent.com/PokeAPI/sprites/master/sprites/pokemon/other/official-artwork/746.png
747,747,시마사리,mareanie,generation-vii,0,0,poison|water,독|물,0.4,8.0,50,53,62,43,52,45,305,data\images\0747_mareanie.png,https://raw.githubusercontent.com/PokeAPI/sprites/master/sprites/pokemon/other/official-artwork/747.png
748,748,더시마사리,toxapex,generation-vii,0,0,poison|water,독|물,0.7,14.5,50,63,152,53,142,35,495,data\images\0748_toxapex.png,https://raw.githubusercontent.com/PokeAPI/sprites/master/sprites/pokemon/other/official-artwork/748.png
749,749,머드나기,mudbray,generation-vii,0,0,ground,땅,1.0,110.0,70,100,70,45,55,45,385,data\images\0749_mudbray.png,https://raw.githubusercontent.com/PokeAPI/sprites/master/sprites/pokemon/other/official-artwork/749.png
750,750,만마드,mudsdale,generation-vii,0,0,ground,땅,2.5,920.0,100,125,100,55,85,35,500,data\images\0750_mudsdale.png,https://raw.githubusercontent.com/PokeAPI/sprites/master/sprites/pokemon/other/official-artwork/750.png
751,751,물거미,dewpider,generation-vii,0,0,water|bug,물|벌레,0.3,4.0,38,40,52,40,72,27,269,data\images\0751_dewpider.png,https://raw.githubusercontent.com/PokeAPI/sprites/master/sprites/pokemon/other/official-artwork/751.png
752,752,깨비물거미,araquanid,generation-vii,0,0,water|bug,물|벌레,1.8,82.0,68,70,92,50,132,42,454,data\images\0752_araquanid.png,https://raw.githubusercontent.com/PokeAPI/sprites/master/sprites/pokemon/other/official-artwork/752.png
753,753,짜랑랑,fomantis,generation-vii,0,0,grass,풀,0.3,1.5,40,55,35,50,35,35,250,data\images\0753_fomantis.png,https://raw.githubusercontent.com/PokeAPI/sprites/master/sprites/pokemon/other/official-artwork/753.png
754,754,라란티스,lurantis,generation-vii,0,0,grass,풀,0.9,18.5,70,105,90,80,90,45,480,data\images\0754_lurantis.png,https://raw.githubusercontent.com/PokeAPI/sprites/master/sprites/pokemon/other/official-artwork/754.png
755,755,자마슈,morelull,generation-vii,0,0,grass|fairy,풀|페어리,0.2,1.5,40,35,55,65,75,15,285,data\images\0755_morelull.png,https://raw.githubusercontent.com/PokeAPI/sprites/master/sprites/pokemon/other/official-artwork/755.png
756,756,마셰이드,shiinotic,generation-vii,0,0,grass|fairy,풀|페어리,1.0,11.5,60,45,80,90,100,30,405,data\images\0756_shiinotic.png,https://raw.githubusercontent.com/PokeAPI/sprites/master/sprites/pokemon/other/official-artwork/756.png
757,757,야도뇽,salandit,generation-vii,0,0,poison|fire,독|불꽃,0.6,4.8,48,44,40,71,40,77,320,data\images\0757_salandit.png,https://raw.githubusercontent.com/PokeAPI/sprites/master/sprites/pokemon/other/official-artwork/757.png
758,758,염뉴트,salazzle,generation-vii,0,0,poison|fire,독|불꽃,1.2,22.2,68,64,60,111,60,117,480,data\images\0758_salazzle.png,https://raw.githubusercontent.com/PokeAPI/sprites/master/sprites/pokemon/other/official-artwork/758.png
759,759,포곰곰,stufful,generation-vii,0,0,normal|fighting,노말|격투,0.5,6.8,70,75,50,45,50,50,340,data\images\0759_stufful.png,https://raw.githubusercontent.com/PokeAPI/sprites/master/sprites/pokemon/other/official-artwork/759.png
760,760,이븐곰,bewear,generation-vii,0,0,normal|fighting,노말|격투,2.1,135.0,120,125,80,55,60,60,500,data\images\0760_bewear.png,https://raw.githubusercontent.com/PokeAPI/sprites/master/sprites/pokemon/other/official-artwork/760.png
761,761,달콤아,bounsweet,generation-vii,0,0,grass,풀,0.3,3.2,42,30,38,30,38,32,210,data\images\0761_bounsweet.png,https://raw.githubusercontent.com/PokeAPI/sprites/master/sprites/pokemon/other/official-artwork/761.png
762,762,달무리나,steenee,generation-vii,0,0,grass,풀,0.7,8.2,52,40,48,40,48,62,290,data\images\0762_steenee.png,https://raw.githubusercontent.com/PokeAPI/sprites/master/sprites/pokemon/other/official-artwork/762.png
763,763,달코퀸,tsareena,generation-vii,0,0,grass,풀,1.2,21.4,72,120,98,50,98,72,510,data\images\0763_tsareena.png,https://raw.githubusercontent.com/PokeAPI/sprites/master/sprites/pokemon/other/official-artwork/763.png
764,764,큐아링,comfey,generation-vii,0,0,fairy,페어리,0.1,0.3,51,52,90,82,110,100,485,data\images\0764_comfey.png,https://raw.githubusercontent.com/PokeAPI/sprites/master/sprites/pokemon/other/official-artwork/764.png
765,765,하랑우탄,oranguru,generation-vii,0,0,normal|psychic,노말|에스퍼,1.5,76.0,90,60,80,90,110,60,490,data\images\0765_oranguru.png,https://raw.githubusercontent.com/PokeAPI/sprites/master/sprites/pokemon/other/official-artwork/765.png
766,766,내던숭이,passimian,generation-vii,0,0,fighting,격투,2.0,82.8,100,120,90,40,60,80,490,data\images\0766_passimian.png,https://raw.githubusercontent.com/PokeAPI/sprites/master/sprites/pokemon/other/official-artwork/766.png
767,767,꼬시레,wimpod,generation-vii,0,0,bug|water,벌레|물,0.5,12.0,25,35,40,20,30,80,230,data\images\0767_wimpod.png,https://raw.githubusercontent.com/PokeAPI/sprites/master/sprites/pokemon/other/official-artwork/767.png
768,768,갑주무사,golisopod,generation-vii,0,0,bug|water,벌레|물,2.0,108.0,75,125,140,60,90,40,530,data\images\0768_golisopod.png,https://raw.githubusercontent.com/PokeAPI/sprites/master/sprites/pokemon/other/official-artwork/768.png
769,769,모래꿍,sandygast,generation-vii,0,0,ghost|ground,고스트|땅,0.5,70.0,55,55,80,70,45,15,320,data\images\0769_sandygast.png,https://raw.githubusercontent.com/PokeAPI/sprites/master/sprites/pokemon/other/official-artwork/769.png
770,770,모래성이당,palossand,generation-vii,0,0,ghost|ground,고스트|땅,1.3,250.0,85,75,110,100,75,35,480,data\images\0770_palossand.png,https://raw.githubusercontent.com/PokeAPI/sprites/master/sprites/pokemon/other/official-artwork/770.png
771,771,해무기,pyukumuku,generation-vii,0,0,water,물,0.3,1.2,55,60,130,30,130,5,410,data\images\0771_pyukumuku.png,https://raw.githubusercontent.com/PokeAPI/sprites/master/sprites/pokemon/other/official-artwork/771.png
772,772,타입:널,type-null,generation-vii,1,0,normal,노말,1.9,120.5,95,95,95,95,95,59,534,data\images\0772_type_null.png,https://raw.githubusercontent.com/PokeAPI/sprites/master/sprites/pokemon/other/official-artwork/772.png
773,773,실버디,silvally,generation-vii,1,0,normal,노말,2.3,100.5,95,95,95,95,95,95,570,data\images\0773_silvally.png,https://raw.githubusercontent.com/PokeAPI/sprites/master/sprites/pokemon/other/official-artwork/773.png
774,774,메테노,minior,generation-vii,0,0,rock|flying,바위|비행,0.3,40.0,60,60,100,60,100,60,440,data\images\0774_minior.png,https://raw.githubusercontent.com/PokeAPI/sprites/master/sprites/pokemon/other/official-artwork/774.png
775,775,자말라,komala,generation-vii,0,0,normal,노말,0.4,19.9,65,115,65,75,95,65,480,data\images\0775_komala.png,https://raw.githubusercontent.com/PokeAPI/sprites/master/sprites/pokemon/other/official-artwork/775.png
776,776,폭거북스,turtonator,generation-vii,0,0,fire|dragon,불꽃|드래곤,2.0,212.0,60,78,135,91,85,36,485,data\images\0776_turtonator.png,https://raw.githubusercontent.com/PokeAPI/sprites/master/sprites/pokemon/other/official-artwork/776.png
777,777,토게데마루,togedemaru,generation-vii,0,0,electric|steel,전기|강철,0.3,3.3,65,98,63,40,73,96,435,data\images\0777_togedemaru.png,https://raw.githubusercontent.com/PokeAPI/sprites/master/sprites/pokemon/other/official-artwork/777.png
778,778,따라큐,mimikyu,generation-vii,0,0,ghost|fairy,고스트|페어리,0.2,0.7,55,90,80,50,105,96,476,data\images\0778_mimikyu.png,https://raw.githubusercontent.com/PokeAPI/sprites/master/sprites/pokemon/other/official-artwork/778.png
779,779,치갈기,bruxish,generation-vii,0,0,water|psychic,물|에스퍼,0.9,19.0,68,105,70,70,70,92,475,data\images\0779_bruxish.png,https://raw.githubusercontent.com/PokeAPI/sprites/master/sprites/pokemon/other/official-artwork/779.png
780,780,할비롱,drampa,generation-vii,0,0,normal|dragon,노말|드래곤,3.0,185.0,78,60,85,135,91,36,485,data\images\0780_drampa.png,https://raw.githubusercontent.com/PokeAPI/sprites/master/sprites/pokemon/other/official-artwork/780.png
781,781,타타륜,dhelmise,generation-vii,0,0,ghost|grass,고스트|풀,3.9,210.0,70,131,100,86,90,40,517,data\images\0781_dhelmise.png,https://raw.githubusercontent.com/PokeAPI/sprites/master/sprites/pokemon/other/official-artwork/781.png
782,782,짜랑꼬,jangmo-o,generation-vii,0,0,dragon,드래곤,0.6,29.7,45,55,65,45,45,45,300,data\images\0782_jangmo_o.png,https://raw.githubusercontent.com/PokeAPI/sprites/master/sprites/pokemon/other/official-artwork/782.png
783,783,짜랑고우,hakamo-o,generation-vii,0,0,dragon|fighting,드래곤|격투,1.2,47.0,55,75,90,65,70,65,420,data\images\0783_hakamo_o.png,https://raw.githubusercontent.com/PokeAPI/sprites/master/sprites/pokemon/other/official-artwork/783.png
784,784,짜랑고우거,kommo-o,generation-vii,0,0,dragon|fighting,드래곤|격투,1.6,78.2,75,110,125,100,105,85,600,data\images\0784_kommo_o.png,https://raw.githubusercontent.com/PokeAPI/sprites/master/sprites/pokemon/other/official-artwork/784.png
785,785,카푸꼬꼬꼭,tapu-koko,generation-vii,1,0,electric|fairy,전기|페어리,1.8,20.5,70,115,85,95,75,130,570,data\images\0785_tapu_koko.png,https://raw.githubusercontent.com/PokeAPI/sprites/master/sprites/pokemon/other/official-artwork/785.png
786,786,카푸나비나,tapu-lele,generation-vii,1,0,psychic|fairy,에스퍼|페어리,1.2,18.6,70,85,75,130,115,95,570,data\images\0786_tapu_lele.png,https://raw.githubusercontent.com/PokeAPI/sprites/master/sprites/pokemon/other/official-artwork/786.png
787,787,카푸브루루,tapu-bulu,generation-vii,1,0,grass|fairy,풀|페어리,1.9,45.5,70,130,115,85,95,75,570,data\images\0787_tapu_bulu.png,https://raw.githubusercontent.com/PokeAPI/sprites/master/sprites/pokemon/other/official-artwork/787.png
788,788,카푸느지느,tapu-fini,generation-vii,1,0,water|fairy,물|페어리,1.3,21.2,70,75,115,95,130,85,570,data\images\0788_tapu_fini.png,https://raw.githubusercontent.com/PokeAPI/sprites/master/sprites/pokemon/other/official-artwork/788.png
789,789,코스모그,cosmog,generation-vii,1,0,psychic,에스퍼,0.2,0.1,43,29,31,29,31,37,200,data\images\0789_cosmog.png,https://raw.githubusercontent.com/PokeAPI/sprites/master/sprites/pokemon/other/official-artwork/789.png
790,790,코스모움,cosmoem,generation-vii,1,0,psychic,에스퍼,0.1,999.9,43,29,131,29,131,37,400,data\images\0790_cosmoem.png,https://raw.githubusercontent.com/PokeAPI/sprites/master/sprites/pokemon/other/official-artwork/790.png
791,791,솔가레오,solgaleo,generation-vii,1,0,psychic|steel,에스퍼|강철,3.4,230.0,137,137,107,113,89,97,680,data\images\0791_solgaleo.png,https://raw.githubusercontent.com/PokeAPI/sprites/master/sprites/pokemon/other/official-artwork/791.png
792,792,루나아라,lunala,generation-vii,1,0,psychic|ghost,에스퍼|고스트,4.0,120.0,137,113,89,137,107,97,680,data\images\0792_lunala.png,https://raw.githubusercontent.com/PokeAPI/sprites/master/sprites/pokemon/other/official-artwork/792.png
793,793,텅비드,nihilego,generation-vii,0,0,rock|poison,바위|독,1.2,55.5,109,53,47,127,131,103,570,data\images\0793_nihilego.png,https://raw.githubusercontent.com/PokeAPI/sprites/master/sprites/pokemon/other/official-artwork/793.png
794,794,매시붕,buzzwole,generation-vii,0,0,bug|fighting,벌레|격투,2.4,333.6,107,139,139,53,53,79,570,data\images\0794_buzzwole.png,https://raw.githubusercontent.com/PokeAPI/sprites/master/sprites/pokemon/other/official-artwork/794.png
795,795,페로코체,pheromosa,generation-vii,0,0,bug|fighting,벌레|격투,1.8,25.0,71,137,37,137,37,151,570,data\images\0795_pheromosa.png,https://raw.githubusercontent.com/PokeAPI/sprites/master/sprites/pokemon/other/official-artwork/795.png
796,796,전수목,xurkitree,generation-vii,0,0,electric,전기,3.8,100.0,83,89,71,173,71,83,570,data\images\0796_xurkitree.png,https://raw.githubusercontent.com/PokeAPI/sprites/master/sprites/pokemon/other/official-artwork/796.png
797,797,철화구야,celesteela,generation-vii,0,0,steel|flying,강철|비행,9.2,999.9,97,101,103,107,101,61,570,data\images\0797_celesteela.png,https://raw.githubusercontent.com/PokeAPI/sprites/master/sprites/pokemon/other/official-artwork/797.png
798,798,종이신도,kartana,generation-vii,0,0,grass|steel,풀|강철,0.3,0.1,59,181,131,59,31,109,570,data\images\0798_kartana.png,https://raw.githubusercontent.com/PokeAPI/sprites/master/sprites/pokemon/other/official-artwork/798.png
799,799,악식킹,guzzlord,generation-vii,0,0,dark|dragon,악|드래곤,5.5,888.0,223,101,53,97,53,43,570,data\images\0799_guzzlord.png,https://raw.githubusercontent.com/PokeAPI/sprites/master/sprites/pokemon/other/official-artwork/799.png
800,800,네크로즈마,necrozma,generation-vii,1,0,psychic,에스퍼,2.4,230.0,97,107,101,127,89,79,600,data\images\0800_necrozma.png,https://raw.githubusercontent.com/PokeAPI/sprites/master/sprites/pokemon/other/official-artwork/800.png
801,801,마기아나,magearna,generation-vii,0,1,steel|fairy,강철|페어리,1.0,80.5,80,95,115,130,115,65,600,data\images\0801_magearna.png,https://raw.githubusercontent.com/PokeAPI/sprites/master/sprites/pokemon/other/official-artwork/801.png
802,802,마샤도,marshadow,generation-vii,0,1,fighting|ghost,격투|고스트,0.7,22.2,90,125,80,90,90,125,600,data\images\0802_marshadow.png,https://raw.githubusercontent.com/PokeAPI/sprites/master/sprites/pokemon/other/official-artwork/802.png
803,803,베베놈,poipole,generation-vii,0,0,poison,독,0.6,1.8,67,73,67,73,67,73,420,data\images\0803_poipole.png,https://raw.githubusercontent.com/PokeAPI/sprites/master/sprites/pokemon/other/official-artwork/803.png
804,804,아고용,naganadel,generation-vii,0,0,poison|dragon,독|드래곤,3.6,150.0,73,73,73,127,73,121,540,data\images\0804_naganadel.png,https://raw.githubusercontent.com/PokeAPI/sprites/master/sprites/pokemon/other/official-artwork/804.png
805,805,차곡차곡,stakataka,generation-vii,0,0,rock|steel,바위|강철,5.5,820.0,61,131,211,53,101,13,570,data\images\0805_stakataka.png,https://raw.githubusercontent.com/PokeAPI/sprites/master/sprites/pokemon/other/official-artwork/805.png
806,806,두파팡,blacephalon,generation-vii,0,0,fire|ghost,불꽃|고스트,1.8,13.0,53,127,53,151,79,107,570,data\images\0806_blacephalon.png,https://raw.githubusercontent.com/PokeAPI/sprites/master/sprites/pokemon/other/official-artwork/806.png
807,807,제라오라,zeraora,generation-vii,0,1,electric,전기,1.5,44.5,88,112,75,102,80,143,600,data\images\0807_zeraora.png,https://raw.githubusercontent.com/PokeAPI/sprites/master/sprites/pokemon/other/official-artwork/807.png
808,808,멜탄,meltan,generation-vii,0,1,steel,강철,0.2,8.0,46,65,65,55,35,34,300,data\images\0808_meltan.png,https://raw.githubusercontent.com/PokeAPI/sprites/master/sprites/pokemon/other/official-artwork/808.png
809,809,멜메탈,melmetal,generation-vii,0,1,steel,강철,2.5,800.0,135,143,143,80,65,34,600,data\images\0809_melmetal.png,https://raw.githubusercontent.com/PokeAPI/sprites/master/sprites/pokemon/other/official-artwork/809.png
810,810,흥나숭,grookey,generation-viii,0,0,grass,풀,0.3,5.0,50,65,50,40,40,65,310,data\images\0810_grookey.png,https://raw.githubusercontent.com/PokeAPI/sprites/master/sprites/pokemon/other/official-artwork/810.png
811,811,채키몽,thwackey,generation-viii,0,0,grass,풀,0.7,14.0,70,85,70,55,60,80,420,data\images\0811_thwackey.png,https://raw.githubusercontent.com/PokeAPI/sprites/master/sprites/pokemon/other/official-artwork/811.png
812,812,고릴타,rillaboom,generation-viii,0,0,grass,풀,2.1,90.0,100,125,90,60,70,85,530,data\images\0812_rillaboom.png,https://raw.githubusercontent.com/PokeAPI/sprites/master/sprites/pokemon/other/official-artwork/812.png
813,813,염버니,scorbunny,generation-viii,0,0,fire,불꽃,0.3,4.5,50,71,40,40,40,69,310,data\images\0813_scorbunny.png,https://raw.githubusercontent.com/PokeAPI/sprites/master/sprites/pokemon/other/official-artwork/813.png
814,814,래비풋,raboot,generation-viii,0,0,fire,불꽃,0.6,9.0,65,86,60,55,60,94,420,data\images\0814_raboot.png,https://raw.githubusercontent.com/PokeAPI/sprites/master/sprites/pokemon/other/official-artwork/814.png
815,815,에이스번,cinderace,generation-viii,0,0,fire,불꽃,1.4,33.0,80,116,75,65,75,119,530,data\images\0815_cinderace.png,https://raw.githubusercontent.com/PokeAPI/sprites/master/sprites/pokemon/other/official-artwork/815.png
816,816,울머기,sobble,generation-viii,0,0,water,물,0.3,4.0,50,40,40,70,40,70,310,data\images\0816_sobble.png,https://raw.githubusercontent.com/PokeAPI/sprites/master/sprites/pokemon/other/official-artwork/816.png
817,817,누겔레온,drizzile,generation-viii,0,0,water,물,0.7,11.5,65,60,55,95,55,90,420,data\images\0817_drizzile.png,https://raw.githubusercontent.com/PokeAPI/sprites/master/sprites/pokemon/other/official-artwork/817.png
818,818,인텔리레온,inteleon,generation-viii,0,0,water,물,1.9,45.2,70,85,65,125,65,120,530,data\images\0818_inteleon.png,https://raw.githubusercontent.com/PokeAPI/sprites/master/sprites/pokemon/other/official-artwork/818.png
819,819,탐리스,skwovet,generation-viii,0,0,normal,노말,0.3,2.5,70,55,55,35,35,25,275,data\images\0819_skwovet.png,https://raw.githubusercontent.com/PokeAPI/sprites/master/sprites/pokemon/other/official-artwork/819.png
820,820,요씽리스,greedent,generation-viii,0,0,normal,노말,0.6,6.0,120,95,95,55,75,20,460,data\images\0820_greedent.png,https://raw.githubusercontent.com/PokeAPI/sprites/master/sprites/pokemon/other/official-artwork/820.png
821,821,파라꼬,rookidee,generation-viii,0,0,flying,비행,0.2,1.8,38,47,35,33,35,57,245,data\images\0821_rookidee.png,https://raw.githubusercontent.com/PokeAPI/sprites/master/sprites/pokemon/other/official-artwork/821.png
822,822,파크로우,corvisquire,generation-viii,0,0,flying,비행,0.8,16.0,68,67,55,43,55,77,365,data\images\0822_corvisquire.png,https://raw.githubusercontent.com/PokeAPI/sprites/master/sprites/pokemon/other/official-artwork/822.png
823,823,아머까오,corviknight,generation-viii,0,0,flying|steel,비행|강철,2.2,75.0,98,87,105,53,85,67,495,data\images\0823_corviknight.png,https://raw.githubusercontent.com/PokeAPI/sprites/master/sprites/pokemon/other/official-artwork/823.png
824,824,두루지벌레,blipbug,generation-viii,0,0,bug,벌레,0.4,8.0,25,20,20,25,45,45,180,data\images\0824_blipbug.png,https://raw.githubusercontent.com/PokeAPI/sprites/master/sprites/pokemon/other/official-artwork/824.png
825,825,레돔벌레,dottler,generation-viii,0,0,bug|psychic,벌레|에스퍼,0.4,19.5,50,35,80,50,90,30,335,data\images\0825_dottler.png,https://raw.githubusercontent.com/PokeAPI/sprites/master/sprites/pokemon/other/official-artwork/825.png
826,826,이올브,orbeetle,generation-viii,0,0,bug|psychic,벌레|에스퍼,0.4,40.8,60,45,110,80,120,90,505,data\images\0826_orbeetle.png,https://raw.githubusercontent.com/PokeAPI/sprites/master/sprites/pokemon/other/official-artwork/826.png
827,827,훔처우,nickit,generation-viii,0,0,dark,악,0.6,8.9,40,28,28,47,52,50,245,data\images\0827_nickit.png,https://raw.githubusercontent.com/PokeAPI/sprites/master/sprites/pokemon/other/official-artwork/827.png
828,828,폭슬라이,thievul,generation-viii,0,0,dark,악,1.2,19.9,70,58,58,87,92,90,455,data\images\0828_thievul.png,https://raw.githubusercontent.com/PokeAPI/sprites/master/sprites/pokemon/other/official-artwork/828.png
829,829,꼬모카,gossifleur,generation-viii,0,0,grass,풀,0.4,2.2,40,40,60,40,60,10,250,data\images\0829_gossifleur.png,https://raw.githubusercontent.com/PokeAPI/sprites/master/sprites/pokemon/other/official-artwork/829.png
830,830,백솜모카,eldegoss,generation-viii,0,0,grass,풀,0.5,2.5,60,50,90,80,120,60,460,data\images\0830_eldegoss.png,https://raw.githubusercontent.com/PokeAPI/sprites/master/sprites/pokemon/other/official-artwork/830.png
831,831,우르,wooloo,generation-viii,0,0,normal,노말,0.6,6.0,42,40,55,40,45,48,270,data\images\0831_wooloo.png,https://raw.githubusercontent.com/PokeAPI/sprites/master/sprites/pokemon/other/official-artwork/831.png
832,832,배우르,dubwool,generation-viii,0,0,normal,노말,1.3,43.0,72,80,100,60,90,88,490,data\images\0832_dubwool.png,https://raw.githubusercontent.com/PokeAPI/sprites/master/sprites/pokemon/other/official-artwork/832.png
833,833,깨물부기,chewtle,generation-viii,0,0,water,물,0.3,8.5,50,64,50,38,38,44,284,data\images\0833_chewtle.png,https://raw.githubusercontent.com/PokeAPI/sprites/master/sprites/pokemon/other/official-artwork/833.png
834,834,갈가부기,drednaw,generation-viii,0,0,water|rock,물|바위,1.0,115.5,90,115,90,48,68,74,485,data\images\0834_drednaw.png,https://raw.githubusercontent.com/PokeAPI/sprites/master/sprites/pokemon/other/official-artwork/834.png
835,835,멍파치,yamper,generation-viii,0,0,electric,전기,0.3,13.5,59,45,50,40,50,26,270,data\images\0835_yamper.png,https://raw.githubusercontent.com/PokeAPI/sprites/master/sprites/pokemon/other/official-artwork/835.png
836,836,펄스멍,boltund,generation-viii,0,0,electric,전기,1.0,34.0,69,90,60,90,60,121,490,data\images\0836_boltund.png,https://raw.githubusercontent.com/PokeAPI/sprites/master/sprites/pokemon/other/official-artwork/836.png
837,837,탄동,rolycoly,generation-viii,0,0,rock,바위,0.3,12.0,30,40,50,40,50,30,240,data\images\0837_rolycoly.png,https://raw.githubusercontent.com/PokeAPI/sprites/master/sprites/pokemon/other/official-artwork/837.png
838,838,탄차곤,carkol,generation-viii,0,0,rock|fire,바위|불꽃,1.1,78.0,80,60,90,60,70,50,410,data\images\0838_carkol.png,https://raw.githubusercontent.com/PokeAPI/sprites/master/sprites/pokemon/other/official-artwork/838.png
839,839,석탄산,coalossal,generation-viii,0,0,rock|fire,바위|불꽃,2.8,310.5,110,80,120,80,90,30,510,data\images\0839_coalossal.png,https://raw.githubusercontent.com/PokeAPI/sprites/master/sprites/pokemon/other/official-artwork/839.png
840,840,과사삭벌레,applin,generation-viii,0,0,grass|dragon,풀|드래곤,0.2,0.5,40,40,80,40,40,20,260,data\images\0840_applin.png,https://raw.githubusercontent.com/PokeAPI/sprites/master/sprites/pokemon/other/official-artwork/840.png
841,841,애프룡,flapple,generation-viii,0,0,grass|dragon,풀|드래곤,0.3,1.0,70,110,80,95,60,70,485,data\images\0841_flapple.png,https://raw.githubusercontent.com/PokeAPI/sprites/master/sprites/pokemon/other/official-artwork/841.png
842,842,단지래플,appletun,generation-viii,0,0,grass|dragon,풀|드래곤,0.4,13.0,110,85,80,100,80,30,485,data\images\0842_appletun.png,https://raw.githubusercontent.com/PokeAPI/sprites/master/sprites/pokemon/other/official-artwork/842.png
843,843,모래뱀,silicobra,generation-viii,0,0,ground,땅,2.2,7.6,52,57,75,35,50,46,315,data\images\0843_silicobra.png,https://raw.githubusercontent.com/PokeAPI/sprites/master/sprites/pokemon/other/official-artwork/843.png
844,844,사다이사,sandaconda,generation-viii,0,0,ground,땅,3.8,65.5,72,107,125,65,70,71,510,data\images\0844_sandaconda.png,https://raw.githubusercontent.com/PokeAPI/sprites/master/sprites/pokemon/other/official-artwork/844.png
845,845,윽우지,cramorant,generation-viii,0,0,flying|water,비행|물,0.8,18.0,70,85,55,85,95,85,475,data\images\0845_cramorant.png,https://raw.githubusercontent.com/PokeAPI/sprites/master/sprites/pokemon/other/official-artwork/845.png
846,846,찌로꼬치,arrokuda,generation-viii,0,0,water,물,0.5,1.0,41,63,40,40,30,66,280,data\images\0846_arrokuda.png,https://raw.githubusercontent.com/PokeAPI/sprites/master/sprites/pokemon/other/official-artwork/846.png
847,847,꼬치조,barraskewda,generation-viii,0,0,water,물,1.3,30.0,61,123,60,60,50,136,490,data\images\0847_barraskewda.png,https://raw.githubusercontent.com/PokeAPI/sprites/master/sprites/pokemon/other/official-artwork/847.png
848,848,일레즌,toxel,generation-viii,0,0,electric|poison,전기|독,0.4,11.0,40,38,35,54,35,40,242,data\images\0848_toxel.png,https://raw.githubusercontent.com/PokeAPI/sprites/master/sprites/pokemon/other/official-artwork/848.png
849,849,스트린더,toxtricity,generation-viii,0,0,electric|poison,전기|독,1.6,40.0,75,98,70,114,70,75,502,data\images\0849_toxtricity.png,https://raw.githubusercontent.com/PokeAPI/sprites/master/sprites/pokemon/other/official-artwork/849.png
850,850,태우지네,sizzlipede,generation-viii,0,0,fire|bug,불꽃|벌레,0.7,1.0,50,65,45,50,50,45,305,data\images\0850_sizzlipede.png,https://raw.githubusercontent.com/PokeAPI/sprites/master/sprites/pokemon/other/official-artwork/850.png
851,851,다태우지네,centiskorch,generation-viii,0,0,fire|bug,불꽃|벌레,3.0,120.0,100,115,65,90,90,65,525,data\images\0851_centiskorch.png,https://raw.githubusercontent.com/PokeAPI/sprites/master/sprites/pokemon/other/official-artwork/851.png
852,852,때때무노,clobbopus,generation-viii,0,0,fighting,격투,0.6,4.0,50,68,60,50,50,32,310,data\images\0852_clobbopus.png,https://raw.githubusercontent.com/PokeAPI/sprites/master/sprites/pokemon/other/official-artwork/852.png
853,853,케오퍼스,grapploct,generation-viii,0,0,fighting,격투,1.6,39.0,80,118,90,70,80,42,480,data\images\0853_grapploct.png,https://raw.githubusercontent.com/PokeAPI/sprites/master/sprites/pokemon/other/official-artwork/853.png
854,854,데인차,sinistea,generation-viii,0,0,ghost,고스트,0.1,0.2,40,45,45,74,54,50,308,data\images\0854_sinistea.png,https://raw.githubusercontent.com/PokeAPI/sprites/master/sprites/pokemon/other/official-artwork/854.png
855,855,포트데스,polteageist,generation-viii,0,0,ghost,고스트,0.2,0.4,60,65,65,134,114,70,508,data\images\0855_polteageist.png,https://raw.githubusercontent.com/PokeAPI/sprites/master/sprites/pokemon/other/official-artwork/855.png
856,856,몸지브림,hatenna,generation-viii,0,0,psychic,에스퍼,0.4,3.4,42,30,45,56,53,39,265,data\images\0856_hatenna.png,https://raw.githubusercontent.com/PokeAPI/sprites/master/sprites/pokemon/other/official-artwork/856.png
857,857,손지브림,hattrem,generation-viii,0,0,psychic,에스퍼,0.6,4.8,57,40,65,86,73,49,370,data\images\0857_hattrem.png,https://raw.githubusercontent.com/PokeAPI/sprites/master/sprites/pokemon/other/official-artwork/857.png
858,858,브리무음,hatterene,generation-viii,0,0,psychic|fairy,에스퍼|페어리,2.1,5.1,57,90,95,136,103,29,510,data\images\0858_hatterene.png,https://raw.githubusercontent.com/PokeAPI/sprites/master/sprites/pokemon/other/official-artwork/858.png
859,859,메롱꿍,impidimp,generation-viii,0,0,dark|fairy,악|페어리,0.4,5.5,45,45,30,55,40,50,265,data\images\0859_impidimp.png,https://raw.githubusercontent.com/PokeAPI/sprites/master/sprites/pokemon/other/official-artwork/859.png
860,860,쏘겨모,morgrem,generation-viii,0,0,dark|fairy,악|페어리,0.8,12.5,65,60,45,75,55,70,370,data\images\0860_morgrem.png,https://raw.githubusercontent.com/PokeAPI/sprites/master/sprites/pokemon/other/official-artwork/860.png
861,861,오롱털,grimmsnarl,generation-viii,0,0,dark|fairy,악|페어리,1.5,61.0,95,120,65,95,75,60,510,data\images\0861_grimmsnarl.png,https://raw.githubusercontent.com/PokeAPI/sprites/master/sprites/pokemon/other/official-artwork/861.png
862,862,가로막구리,obstagoon,generation-viii,0,0,dark|normal,악|노말,1.6,46.0,93,90,101,60,81,95,520,data\images\0862_obstagoon.png,https://raw.githubusercontent.com/PokeAPI/sprites/master/sprites/pokemon/other/official-artwork/862.png
863,863,나이킹,perrserker,generation-viii,0,0,steel,강철,0.8,28.0,70,110,100,50,60,50,440,data\images\0863_perrserker.png,https://raw.githubusercontent.com/PokeAPI/sprites/master/sprites/pokemon/other/official-artwork/863.png
864,864,산호르곤,cursola,generation-viii,0,0,ghost,고스트,1.0,0.4,60,95,50,145,130,30,510,data\images\0864_cursola.png,https://raw.githubusercontent.com/PokeAPI/sprites/master/sprites/pokemon/other/official-artwork/864.png
865,865,창파나이트,sirfetchd,generation-viii,0,0,fighting,격투,0.8,117.0,62,135,95,68,82,65,507,data\images\0865_sirfetchd.png,https://raw.githubusercontent.com/PokeAPI/sprites/master/sprites/pokemon/other/official-artwork/865.png
866,866,마임꽁꽁,mr-rime,generation-viii,0,0,ice|psychic,얼음|에스퍼,1.5,58.2,80,85,75,110,100,70,520,data\images\0866_mr_rime.png,https://raw.githubusercontent.com/PokeAPI/sprites/master/sprites/pokemon/other/official-artwork/866.png
867,867,데스판,runerigus,generation-viii,0,0,ground|ghost,땅|고스트,1.6,66.6,58,95,145,50,105,30,483,data\images\0867_runerigus.png,https://raw.githubusercontent.com/PokeAPI/sprites/master/sprites/pokemon/other/official-artwork/867.png
868,868,마빌크,milcery,generation-viii,0,0,fairy,페어리,0.2,0.3,45,40,40,50,61,34,270,data\images\0868_milcery.png,https://raw.githubusercontent.com/PokeAPI/sprites/master/sprites/pokemon/other/official-artwork/868.png
869,869,마휘핑,alcremie,generation-viii,0,0,fairy,페어리,0.3,0.5,65,60,75,110,121,64,495,data\images\0869_alcremie.png,https://raw.githubusercontent.com/PokeAPI/sprites/master/sprites/pokemon/other/official-artwork/869.png
870,870,대여르,falinks,generation-viii,0,0,fighting,격투,3.0,62.0,65,100,100,70,60,75,470,data\images\0870_falinks.png,https://raw.githubusercontent.com/PokeAPI/sprites/master/sprites/pokemon/other/official-artwork/870.png
871,871,찌르성게,pincurchin,generation-viii,0,0,electric,전기,0.3,1.0,48,101,95,91,85,15,435,data\images\0871_pincurchin.png,https://raw.githubusercontent.com/PokeAPI/sprites/master/sprites/pokemon/other/official-artwork/871.png
872,872,누니머기,snom,generation-viii,0,0,ice|bug,얼음|벌레,0.3,3.8,30,25,35,45,30,20,185,data\images\0872_snom.png,https://raw.githubusercontent.com/PokeAPI/sprites/master/sprites/pokemon/other/official-artwork/872.png
873,873,모스노우,frosmoth,generation-viii,0,0,ice|bug,얼음|벌레,1.3,42.0,70,65,60,125,90,65,475,data\images\0873_frosmoth.png,https://raw.githubusercontent.com/PokeAPI/sprites/master/sprites/pokemon/other/official-artwork/873.png
874,874,돌헨진,stonjourner,generation-viii,0,0,rock,바위,2.5,520.0,100,125,135,20,20,70,470,data\images\0874_stonjourner.png,https://raw.githubusercontent.com/PokeAPI/sprites/master/sprites/pokemon/other/official-artwork/874.png
875,875,빙큐보,eiscue,generation-viii,0,0,ice,얼음,1.4,89.0,75,80,110,65,90,50,470,data\images\0875_eiscue.png,https://raw.githubusercontent.com/PokeAPI/sprites/master/sprites/pokemon/other/official-artwork/875.png
876,876,에써르,indeedee,generation-viii,0,0,psychic|normal,에스퍼|노말,0.9,28.0,60,65,55,105,95,95,475,data\images\0876_indeedee.png,https://raw.githubusercontent.com/PokeAPI/sprites/master/sprites/pokemon/other/official-artwork/876.png
877,877,모르페코,morpeko,generation-viii,0,0,electric|dark,전기|악,0.3,3.0,58,95,58,70,58,97,436,data\images\0877_morpeko.png,https://raw.githubusercontent.com/PokeAPI/sprites/master/sprites/pokemon/other/official-artwork/877.png
878,878,끼리동,cufant,generation-viii,0,0,steel,강철,1.2,100.0,72,80,49,40,49,40,330,data\images\0878_cufant.png,https://raw.githubusercontent.com/PokeAPI/sprites/master/sprites/pokemon/other/official-artwork/878.png
879,879,대왕끼리동,copperajah,generation-viii,0,0,steel,강철,3.0,650.0,122,130,69,80,69,30,500,data\images\0879_copperajah.png,https://raw.githubusercontent.com/PokeAPI/sprites/master/sprites/pokemon/other/official-artwork/879.png
880,880,파치래곤,dracozolt,generation-viii,0,0,electric|dragon,전기|드래곤,1.8,190.0,90,100,90,80,70,75,505,data\images\0880_dracozolt.png,https://raw.githubusercontent.com/PokeAPI/sprites/master/sprites/pokemon/other/official-artwork/880.png
881,881,파치르돈,arctozolt,generation-viii,0,0,electric|ice,전기|얼음,2.3,150.0,90,100,90,90,80,55,505,data\images\0881_arctozolt.png,https://raw.githubusercontent.com/PokeAPI/sprites/master/sprites/pokemon/other/official-artwork/881.png
882,882,어래곤,dracovish,generation-viii,0,0,water|dragon,물|드래곤,2.3,215.0,90,90,100,70,80,75,505,data\images\0882_dracovish.png,https://raw.githubusercontent.com/PokeAPI/sprites/master/sprites/pokemon/other/official-artwork/882.png
883,883,어치르돈,arctovish,generation-viii,0,0,water|ice,물|얼음,2.0,175.0,90,90,100,80,90,55,505,data\images\0883_arctovish.png,https://raw.githubusercontent.com/PokeAPI/sprites/master/sprites/pokemon/other/official-artwork/883.png
884,884,두랄루돈,duraludon,generation-viii,0,0,steel|dragon,강철|드래곤,1.8,40.0,70,95,115,120,50,85,535,data\images\0884_duraludon.png,https://raw.githubusercontent.com/PokeAPI/sprites/master/sprites/pokemon/other/official-artwork/884.png
885,885,드라꼰,dreepy,generation-viii,0,0,dragon|ghost,드래곤|고스트,0.5,2.0,28,60,30,40,30,82,270,data\images\0885_dreepy.png,https://raw.githubusercontent.com/PokeAPI/sprites/master/sprites/pokemon/other/official-artwork/885.png
886,886,드래런치,drakloak,generation-viii,0,0,dragon|ghost,드래곤|고스트,1.4,11.0,68,80,50,60,50,102,410,data\images\0886_drakloak.png,https://raw.githubusercontent.com/PokeAPI/sprites/master/sprites/pokemon/other/official-artwork/886.png
887,887,드래펄트,dragapult,generation-viii,0,0,dragon|ghost,드래곤|고스트,3.0,50.0,88,120,75,100,75,142,600,data\images\0887_dragapult.png,https://raw.githubusercontent.com/PokeAPI/sprites/master/sprites/pokemon/other/official-artwork/887.png
888,888,자시안,zacian,generation-viii,1,0,fairy,페어리,2.8,110.0,92,120,115,80,115,138,660,data\images\0888_zacian.png,https://raw.githubusercontent.com/PokeAPI/sprites/master/sprites/pokemon/other/official-artwork/888.png
889,889,자마젠타,zamazenta,generation-viii,1,0,fighting,격투,2.9,210.0,92,120,115,80,115,138,660,data\images\0889_zamazenta.png,https://raw.githubusercontent.com/PokeAPI/sprites/master/sprites/pokemon/other/official-artwork/889.png
890,890,무한다이노,eternatus,generation-viii,1,0,poison|dragon,독|드래곤,20.0,950.0,140,85,95,145,95,130,690,data\images\0890_eternatus.png,https://raw.githubusercontent.com/PokeAPI/sprites/master/sprites/pokemon/other/official-artwork/890.png
891,891,치고마,kubfu,generation-viii,1,0,fighting,격투,0.6,12.0,60,90,60,53,50,72,385,data\images\0891_kubfu.png,https://raw.githubusercontent.com/PokeAPI/sprites/master/sprites/pokemon/other/official-artwork/891.png
892,892,우라오스,urshifu,generation-viii,1,0,fighting|dark,격투|악,1.9,105.0,100,130,100,63,60,97,550,data\images\0892_urshifu.png,https://raw.githubusercontent.com/PokeAPI/sprites/master/sprites/pokemon/other/official-artwork/892.png
893,893,자루도,zarude,generation-viii,0,1,dark|grass,악|풀,1.8,70.0,105,120,105,70,95,105,600,data\images\0893_zarude.png,https://raw.githubusercontent.com/PokeAPI/sprites/master/sprites/pokemon/other/official-artwork/893.png
894,894,레지에레키,regieleki,generation-viii,1,0,electric,전기,1.2,145.0,80,100,50,100,50,200,580,data\images\0894_regieleki.png,https://raw.githubusercontent.com/PokeAPI/sprites/master/sprites/pokemon/other/official-artwork/894.png
895,895,레지드래고,regidrago,generation-viii,1,0,dragon,드래곤,2.1,200.0,200,100,50,100,50,80,580,data\images\0895_regidrago.png,https://raw.githubusercontent.com/PokeAPI/sprites/master/sprites/pokemon/other/official-artwork/895.png
896,896,블리자포스,glastrier,generation-viii,1,0,ice,얼음,2.2,800.0,100,145,130,65,110,30,580,data\images\0896_glastrier.png,https://raw.githubusercontent.com/PokeAPI/sprites/master/sprites/pokemon/other/official-artwork/896.png
897,897,레이스포스,spectrier,generation-viii,1,0,ghost,고스트,2.0,44.5,100,65,60,145,80,130,580,data\images\0897_spectrier.png,https://raw.githubusercontent.com/PokeAPI/sprites/master/sprites/pokemon/other/official-artwork/897.png
898,898,버드렉스,calyrex,generation-viii,1,0,psychic|grass,에스퍼|풀,1.1,7.7,100,80,80,80,80,80,500,data\images\0898_calyrex.png,https://raw.githubusercontent.com/PokeAPI/sprites/master/sprites/pokemon/other/official-artwork/898.png
899,899,신비록,wyrdeer,generation-viii,0,0,normal|psychic,노말|에스퍼,1.8,95.1,103,105,72,105,75,65,525,data\images\0899_wyrdeer.png,https://raw.githubusercontent.com/PokeAPI/sprites/master/sprites/pokemon/other/official-artwork/899.png
900,900,사마자르,kleavor,generation-viii,0,0,bug|rock,벌레|바위,1.8,89.0,70,135,95,45,70,85,500,data\images\0900_kleavor.png,https://raw.githubusercontent.com/PokeAPI/sprites/master/sprites/pokemon/other/official-artwork/900.png
901,901,다투곰,ursaluna,generation-viii,0,0,ground|normal,땅|노말,2.4,290.0,130,140,105,45,80,50,550,data\images\0901_ursaluna.png,https://raw.githubusercontent.com/PokeAPI/sprites/master/sprites/pokemon/other/official-artwork/901.png
902,902,대쓰여너,basculegion,generation-viii,0,0,water|ghost,물|고스트,3.0,110.0,120,112,65,80,75,78,530,data\images\0902_basculegion.png,https://raw.githubusercontent.com/PokeAPI/sprites/master/sprites/pokemon/other/official-artwork/902.png
903,903,포푸니크,sneasler,generation-viii,0,0,fighting|poison,격투|독,1.3,43.0,80,130,60,40,80,120,510,data\images\0903_sneasler.png,https://raw.githubusercontent.com/PokeAPI/sprites/master/sprites/pokemon/other/official-artwork/903.png
904,904,장침바루,overqwil,generation-viii,0,0,dark|poison,악|독,2.5,60.5,85,115,95,65,65,85,510,data\images\0904_overqwil.png,https://raw.githubusercontent.com/PokeAPI/sprites/master/sprites/pokemon/other/official-artwork/904.png
905,905,러브로스,enamorus,generation-viii,1,0,fairy|flying,페어리|비행,1.6,48.0,74,115,70,135,80,106,580,data\images\0905_enamorus.png,https://raw.githubusercontent.com/PokeAPI/sprites/master/sprites/pokemon/other/official-artwork/905.png
906,906,나오하,sprigatito,generation-ix,0,0,grass,풀,0.4,4.1,40,61,54,45,45,65,310,data\images\0906_sprigatito.png,https://raw.githubusercontent.com/PokeAPI/sprites/master/sprites/pokemon/other/official-artwork/906.png
907,907,나로테,floragato,generation-ix,0,0,grass,풀,0.9,12.2,61,80,63,60,63,83,410,data\images\0907_floragato.png,https://raw.githubusercontent.com/PokeAPI/sprites/master/sprites/pokemon/other/official-artwork/907.png
908,908,마스카나,meowscarada,generation-ix,0,0,grass|dark,풀|악,1.5,31.2,76,110,70,81,70,123,530,data\images\0908_meowscarada.png,https://raw.githubusercontent.com/PokeAPI/sprites/master/sprites/pokemon/other/official-artwork/908.png
909,909,뜨아거,fuecoco,generation-ix,0,0,fire,불꽃,0.4,9.8,67,45,59,63,40,36,310,data\images\0909_fuecoco.png,https://raw.githubusercontent.com/PokeAPI/sprites/master/sprites/pokemon/other/official-artwork/909.png
910,910,악뜨거,crocalor,generation-ix,0,0,fire,불꽃,1.0,30.7,81,55,78,90,58,49,411,data\images\0910_crocalor.png,https://raw.githubusercontent.com/PokeAPI/sprites/master/sprites/pokemon/other/official-artwork/910.png
911,911,라우드본,skeledirge,generation-ix,0,0,fire|ghost,불꽃|고스트,1.6,326.5,104,75,100,110,75,66,530,data\images\0911_skeledirge.png,https://raw.githubusercontent.com/PokeAPI/sprites/master/sprites/pokemon/other/official-artwork/911.png
912,912,꾸왁스,quaxly,generation-ix,0,0,water,물,0.5,6.1,55,65,45,50,45,50,310,data\images\0912_quaxly.png,https://raw.githubusercontent.com/PokeAPI/sprites/master/sprites/pokemon/other/official-artwork/912.png
913,913,아꾸왁,quaxwell,generation-ix,0,0,water,물,1.2,21.5,70,85,65,65,60,65,410,data\images\0913_quaxwell.png,https://raw.githubusercontent.com/PokeAPI/sprites/master/sprites/pokemon/other/official-artwork/913.png
914,914,웨이니발,quaquaval,generation-ix,0,0,water|fighting,물|격투,1.8,61.9,85,120,80,85,75,85,530,data\images\0914_quaquaval.png,https://raw.githubusercontent.com/PokeAPI/sprites/master/sprites/pokemon/other/official-artwork/914.png
915,915,맛보돈,lechonk,generation-ix,0,0,normal,노말,0.5,10.2,54,45,40,35,45,35,254,data\images\0915_lechonk.png,https://raw.githubusercontent.com/PokeAPI/sprites/master/sprites/pokemon/other/official-artwork/915.png
916,916,퍼퓨돈,oinkologne,generation-ix,0,0,normal,노말,1.0,120.0,110,100,75,59,80,65,489,data\images\0916_oinkologne.png,https://raw.githubusercontent.com/PokeAPI/sprites/master/sprites/pokemon/other/official-artwork/916.png
917,917,타랜툴라,tarountula,generation-ix,0,0,bug,벌레,0.3,4.0,35,41,45,29,40,20,210,data\images\0917_tarountula.png,https://raw.githubusercontent.com/PokeAPI/sprites/master/sprites/pokemon/other/official-artwork/917.png
918,918,트래피더,spidops,generation-ix,0,0,bug,벌레,1.0,16.5,60,79,92,52,86,35,404,data\images\0918_spidops.png,https://raw.githubusercontent.com/PokeAPI/sprites/master/sprites/pokemon/other/official-artwork/918.png
919,919,콩알뚜기,nymble,generation-ix,0,0,bug,벌레,0.2,1.0,33,46,40,21,25,45,210,data\images\0919_nymble.png,https://raw.githubusercontent.com/PokeAPI/sprites/master/sprites/pokemon/other/official-artwork/919.png
920,920,엑스레그,lokix,generation-ix,0,0,bug|dark,벌레|악,1.0,17.5,71,102,78,52,55,92,450,data\images\0920_lokix.png,https://raw.githubusercontent.com/PokeAPI/sprites/master/sprites/pokemon/other/official-artwork/920.png
921,921,빠모,pawmi,generation-ix,0,0,electric,전기,0.3,2.5,45,50,20,40,25,60,240,data\images\0921_pawmi.png,https://raw.githubusercontent.com/PokeAPI/sprites/master/sprites/pokemon/other/official-artwork/921.png
922,922,빠모트,pawmo,generation-ix,0,0,electric|fighting,전기|격투,0.4,6.5,60,75,40,50,40,85,350,data\images\0922_pawmo.png,https://raw.githubusercontent.com/PokeAPI/sprites/master/sprites/pokemon/other/official-artwork/922.png
923,923,빠르모트,pawmot,generation-ix,0,0,electric|fighting,전기|격투,0.9,41.0,70,115,70,70,60,105,490,data\images\0923_pawmot.png,https://raw.githubusercontent.com/PokeAPI/sprites/master/sprites/pokemon/other/official-artwork/923.png
924,924,두리쥐,tandemaus,generation-ix,0,0,normal,노말,0.3,1.8,50,50,45,40,45,75,305,data\images\0924_tandemaus.png,https://raw.githubusercontent.com/PokeAPI/sprites/master/sprites/pokemon/other/official-artwork/924.png
925,925,파밀리쥐,maushold,generation-ix,0,0,normal,노말,0.3,2.3,74,75,70,65,75,111,470,data\images\0925_maushold.png,https://raw.githubusercontent.com/PokeAPI/sprites/master/sprites/pokemon/other/official-artwork/925.png
926,926,쫀도기,fidough,generation-ix,0,0,fairy,페어리,0.3,10.9,37,55,70,30,55,65,312,data\images\0926_fidough.png,https://raw.githubusercontent.com/PokeAPI/sprites/master/sprites/pokemon/other/official-artwork/926.png
927,927,바우첼,dachsbun,generation-ix,0,0,fairy,페어리,0.5,14.9,57,80,115,50,80,95,477,data\images\0927_dachsbun.png,https://raw.githubusercontent.com/PokeAPI/sprites/master/sprites/pokemon/other/official-artwork/927.png
928,928,미니브,smoliv,generation-ix,0,0,grass|normal,풀|노말,0.3,6.5,41,35,45,58,51,30,260,data\images\0928_smoliv.png,https://raw.githubusercontent.com/PokeAPI/sprites/master/sprites/pokemon/other/official-artwork/928.png
929,929,올리뇨,dolliv,generation-ix,0,0,grass|normal,풀|노말,0.6,11.9,52,53,60,78,78,33,354,data\images\0929_dolliv.png,https://raw.githubusercontent.com/PokeAPI/sprites/master/sprites/pokemon/other/official-artwork/929.png
930,930,올리르바,arboliva,generation-ix,0,0,grass|normal,풀|노말,1.4,48.2,78,69,90,125,109,39,510,data\images\0930_arboliva.png,https://raw.githubusercontent.com/PokeAPI/sprites/master/sprites/pokemon/other/official-artwork/930.png
931,931,시비꼬,squawkabilly,generation-ix,0,0,normal|flying,노말|비행,0.6,2.4,82,96,51,45,51,92,417,data\images\0931_squawkabilly.png,https://raw.githubusercontent.com/PokeAPI/sprites/master/sprites/pokemon/other/official-artwork/931.png
932,932,베베솔트,nacli,generation-ix,0,0,rock,바위,0.4,16.0,55,55,75,35,35,25,280,data\images\0932_nacli.png,https://raw.githubusercontent.com/PokeAPI/sprites/master/sprites/pokemon/other/official-artwork/932.png
933,933,스태솔트,naclstack,generation-ix,0,0,rock,바위,0.6,105.0,60,60,100,35,65,35,355,data\images\0933_naclstack.png,https://raw.githubusercontent.com/PokeAPI/sprites/master/sprites/pokemon/other/official-artwork/933.png
934,934,콜로솔트,garganacl,generation-ix,0,0,rock,바위,2.3,240.0,100,100,130,45,90,35,500,data\images\0934_garganacl.png,https://raw.githubusercontent.com/PokeAPI/sprites/master/sprites/pokemon/other/official-artwork/934.png
935,935,카르본,charcadet,generation-ix,0,0,fire,불꽃,0.6,10.5,40,50,40,50,40,35,255,data\images\0935_charcadet.png,https://raw.githubusercontent.com/PokeAPI/sprites/master/sprites/pokemon/other/official-artwork/935.png
936,936,카디나르마,armarouge,generation-ix,0,0,fire|psychic,불꽃|에스퍼,1.5,85.0,85,60,100,125,80,75,525,data\images\0936_armarouge.png,https://raw.githubusercontent.com/PokeAPI/sprites/master/sprites/pokemon/other/official-artwork/936.png
937,937,파라블레이즈,ceruledge,generation-ix,0,0,fire|ghost,불꽃|고스트,1.6,62.0,75,125,80,60,100,85,525,data\images\0937_ceruledge.png,https://raw.githubusercontent.com/PokeAPI/sprites/master/sprites/pokemon/other/official-artwork/937.png
938,938,빈나두,tadbulb,generation-ix,0,0,electric,전기,0.3,0.4,61,31,41,59,35,45,272,data\images\0938_tadbulb.png,https://raw.githubusercontent.com/PokeAPI/sprites/master/sprites/pokemon/other/official-artwork/938.png
939,939,찌리배리,bellibolt,generation-ix,0,0,electric,전기,1.2,113.0,109,64,91,103,83,45,495,data\images\0939_bellibolt.png,https://raw.githubusercontent.com/PokeAPI/sprites/master/sprites/pokemon/other/official-artwork/939.png
940,940,찌리비,wattrel,generation-ix,0,0,electric|flying,전기|비행,0.4,3.6,40,40,35,55,40,70,280,data\images\0940_wattrel.png,https://raw.githubusercontent.com/PokeAPI/sprites/master/sprites/pokemon/other/official-artwork/940.png
941,941,찌리비크,kilowattrel,generation-ix,0,0,electric|flying,전기|비행,1.4,38.6,70,70,60,105,60,125,490,data\images\0941_kilowattrel.png,https://raw.githubusercontent.com/PokeAPI/sprites/master/sprites/pokemon/other/official-artwork/941.png
942,942,오라티프,maschiff,generation-ix,0,0,dark,악,0.5,16.0,60,78,60,40,51,51,340,data\images\0942_maschiff.png,https://raw.githubusercontent.com/PokeAPI/sprites/master/sprites/pokemon/other/official-artwork/942.png
943,943,마피티프,mabosstiff,generation-ix,0,0,dark,악,1.1,61.0,80,120,90,60,70,85,505,data\images\0943_mabosstiff.png,https://raw.githubusercontent.com/PokeAPI/sprites/master/sprites/pokemon/other/official-artwork/943.png
944,944,땃쭈르,shroodle,generation-ix,0,0,poison|normal,독|노말,0.2,0.7,40,65,35,40,35,75,290,data\images\0944_shroodle.png,https://raw.githubusercontent.com/PokeAPI/sprites/master/sprites/pokemon/other/official-artwork/944.png
945,945,태깅구르,grafaiai,generation-ix,0,0,poison|normal,독|노말,0.7,27.2,63,95,65,80,72,110,485,data\images\0945_grafaiai.png,https://raw.githubusercontent.com/PokeAPI/sprites/master/sprites/pokemon/other/official-artwork/945.png
946,946,그푸리,bramblin,generation-ix,0,0,grass|ghost,풀|고스트,0.6,0.6,40,65,30,45,35,60,275,data\images\0946_bramblin.png,https://raw.githubusercontent.com/PokeAPI/sprites/master/sprites/pokemon/other/official-artwork/946.png
947,947,공푸리,brambleghast,generation-ix,0,0,grass|ghost,풀|고스트,1.2,6.0,55,115,70,80,70,90,480,data\images\0947_brambleghast.png,https://raw.githubusercontent.com/PokeAPI/sprites/master/sprites/pokemon/other/official-artwork/947.png
948,948,들눈해,toedscool,generation-ix,0,0,ground|grass,땅|풀,0.9,33.0,40,40,35,50,100,70,335,data\images\0948_toedscool.png,https://raw.githubusercontent.com/PokeAPI/sprites/master/sprites/pokemon/other/official-artwork/948.png
949,949,육파리,toedscruel,generation-ix,0,0,ground|grass,땅|풀,1.9,58.0,80,70,65,80,120,100,515,data\images\0949_toedscruel.png,https://raw.githubusercontent.com/PokeAPI/sprites/master/sprites/pokemon/other/official-artwork/949.png
950,950,절벼게,klawf,generation-ix,0,0,rock,바위,1.3,79.0,70,100,115,35,55,75,450,data\images\0950_klawf.png,https://raw.githubusercontent.com/PokeAPI/sprites/master/sprites/pokemon/other/official-artwork/950.png
951,951,캡싸이,capsakid,generation-ix,0,0,grass,풀,0.3,3.0,50,62,40,62,40,50,304,data\images\0951_capsakid.png,https://raw.githubusercontent.com/PokeAPI/sprites/master/sprites/pokemon/other/official-artwork/951.png
952,952,스코빌런,scovillain,generation-ix,0,0,grass|fire,풀|불꽃,0.9,15.0,65,108,65,108,65,75,486,data\images\0952_scovillain.png,https://raw.githubusercontent.com/PokeAPI/sprites/master/sprites/pokemon/other/official-artwork/952.png
953,953,구르데,rellor,generation-ix,0,0,bug,벌레,0.2,1.0,41,50,60,31,58,30,270,data\images\0953_rellor.png,https://raw.githubusercontent.com/PokeAPI/sprites/master/sprites/pokemon/other/official-artwork/953.png
954,954,베라카스,rabsca,generation-ix,0,0,bug|psychic,벌레|에스퍼,0.3,3.5,75,50,85,115,100,45,470,data\images\0954_rabsca.png,https://raw.githubusercontent.com/PokeAPI/sprites/master/sprites/pokemon/other/official-artwork/954.png
955,955,하느라기,flittle,generation-ix,0,0,psychic,에스퍼,0.2,1.5,30,35,30,55,30,75,255,data\images\0955_flittle.png,https://raw.githubusercontent.com/PokeAPI/sprites/master/sprites/pokemon/other/official-artwork/955.png
956,956,클레스퍼트라,espathra,generation-ix,0,0,psychic,에스퍼,1.9,90.0,95,60,60,101,60,105,481,data\images\0956_espathra.png,https://raw.githubusercontent.com/PokeAPI/sprites/master/sprites/pokemon/other/official-artwork/956.png
957,957,어리짱,tinkatink,generation-ix,0,0,fairy|steel,페어리|강철,0.4,8.9,50,45,45,35,64,58,297,data\images\0957_tinkatink.png,https://raw.githubusercontent.com/PokeAPI/sprites/master/sprites/pokemon/other/official-artwork/957.png
958,958,벼리짱,tinkatuff,generation-ix,0,0,fairy|steel,페어리|강철,0.7,59.1,65,55,55,45,82,78,380,data\images\0958_tinkatuff.png,https://raw.githubusercontent.com/PokeAPI/sprites/master/sprites/pokemon/other/official-artwork/958.png
959,959,두드리짱,tinkaton,generation-ix,0,0,fairy|steel,페어리|강철,0.7,112.8,85,75,77,70,105,94,506,data\images\0959_tinkaton.png,https://raw.githubusercontent.com/PokeAPI/sprites/master/sprites/pokemon/other/official-artwork/959.png
960,960,바다그다,wiglett,generation-ix,0,0,water,물,1.2,1.8,10,55,25,35,25,95,245,data\images\0960_wiglett.png,https://raw.githubusercontent.com/PokeAPI/sprites/master/sprites/pokemon/other/official-artwork/960.png
961,961,바닥트리오,wugtrio,generation-ix,0,0,water,물,1.2,5.4,35,100,50,50,70,120,425,data\images\0961_wugtrio.png,https://raw.githubusercontent.com/PokeAPI/sprites/master/sprites/pokemon/other/official-artwork/961.png
962,962,떨구새,bombirdier,generation-ix,0,0,flying|dark,비행|악,1.5,42.9,70,103,85,60,85,82,485,data\images\0962_bombirdier.png,https://raw.githubusercontent.com/PokeAPI/sprites/master/sprites/pokemon/other/official-artwork/962.png
963,963,맨돌핀,finizen,generation-ix,0,0,water,물,1.3,60.2,70,45,40,45,40,75,315,data\images\0963_finizen.png,https://raw.githubusercontent.com/PokeAPI/sprites/master/sprites/pokemon/other/official-artwork/963.png
964,964,돌핀맨,palafin,generation-ix,0,0,water,물,1.3,60.2,100,70,72,53,62,100,457,data\images\0964_palafin.png,https://raw.githubusercontent.com/PokeAPI/sprites/master/sprites/pokemon/other/official-artwork/964.png
965,965,부르롱,varoom,generation-ix,0,0,steel|poison,강철|독,1.0,35.0,45,70,63,30,45,47,300,data\images\0965_varoom.png,https://raw.githubusercontent.com/PokeAPI/sprites/master/sprites/pokemon/other/official-artwork/965.png
966,966,부르르룸,revavroom,generation-ix,0,0,steel|poison,강철|독,1.8,120.0,80,119,90,54,67,90,500,data\images\0966_revavroom.png,https://raw.githubusercontent.com/PokeAPI/sprites/master/sprites/pokemon/other/official-artwork/966.png
967,967,모토마,cyclizar,generation-ix,0,0,dragon|normal,드래곤|노말,1.6,63.0,70,95,65,85,65,121,501,data\images\0967_cyclizar.png,https://raw.githubusercontent.com/PokeAPI/sprites/master/sprites/pokemon/other/official-artwork/967.png
968,968,꿈트렁,orthworm,generation-ix,0,0,steel,강철,2.5,310.0,70,85,145,60,55,65,480,data\images\0968_orthworm.png,https://raw.githubusercontent.com/PokeAPI/sprites/master/sprites/pokemon/other/official-artwork/968.png
969,969,초롱순,glimmet,generation-ix,0,0,rock|poison,바위|독,0.7,8.0,48,35,42,105,60,60,350,data\images\0969_glimmet.png,https://raw.githubusercontent.com/PokeAPI/sprites/master/sprites/pokemon/other/official-artwork/969.png
970,970,킬라플로르,glimmora,generation-ix,0,0,rock|poison,바위|독,1.5,45.0,83,55,90,130,81,86,525,data\images\0970_glimmora.png,https://raw.githubusercontent.com/PokeAPI/sprites/master/sprites/pokemon/other/official-artwork/970.png
971,971,망망이,greavard,generation-ix,0,0,ghost,고스트,0.6,35.0,50,61,60,30,55,34,290,data\images\0971_greavard.png,https://raw.githubusercontent.com/PokeAPI/sprites/master/sprites/pokemon/other/official-artwork/971.png
972,972,묘두기,houndstone,generation-ix,0,0,ghost,고스트,2.0,15.0,72,101,100,50,97,68,488,data\images\0972_houndstone.png,https://raw.githubusercontent.com/PokeAPI/sprites/master/sprites/pokemon/other/official-artwork/972.png
973,973,꼬이밍고,flamigo,generation-ix,0,0,flying|fighting,비행|격투,1.6,37.0,82,115,74,75,64,90,500,data\images\0973_flamigo.png,https://raw.githubusercontent.com/PokeAPI/sprites/master/sprites/pokemon/other/official-artwork/973.png
974,974,터벅고래,cetoddle,generation-ix,0,0,ice,얼음,1.2,45.0,108,68,45,30,40,43,334,data\images\0974_cetoddle.png,https://raw.githubusercontent.com/PokeAPI/sprites/master/sprites/pokemon/other/official-artwork/974.png
975,975,우락고래,cetitan,generation-ix,0,0,ice,얼음,4.5,700.0,170,113,65,45,55,73,521,data\images\0975_cetitan.png,https://raw.githubusercontent.com/PokeAPI/sprites/master/sprites/pokemon/other/official-artwork/975.png
976,976,가비루사,veluza,generation-ix,0,0,water|psychic,물|에스퍼,2.5,90.0,90,102,73,78,65,70,478,data\images\0976_veluza.png,https://raw.githubusercontent.com/PokeAPI/sprites/master/sprites/pokemon/other/official-artwork/976.png
977,977,어써러셔,dondozo,generation-ix,0,0,water,물,12.0,220.0,150,100,115,65,65,35,530,data\images\0977_dondozo.png,https://raw.githubusercontent.com/PokeAPI/sprites/master/sprites/pokemon/other/official-artwork/977.png
978,978,싸리용,tatsugiri,generation-ix,0,0,dragon|water,드래곤|물,0.3,8.0,68,50,60,120,95,82,475,data\images\0978_tatsugiri.png,https://raw.githubusercontent.com/PokeAPI/sprites/master/sprites/pokemon/other/official-artwork/978.png
979,979,저승갓숭,annihilape,generation-ix,0,0,fighting|ghost,격투|고스트,1.2,56.0,110,115,80,50,90,90,535,data\images\0979_annihilape.png,https://raw.githubusercontent.com/PokeAPI/sprites/master/sprites/pokemon/other/official-artwork/979.png
980,980,토오,clodsire,generation-ix,0,0,poison|ground,독|땅,1.8,223.0,130,75,60,45,100,20,430,data\images\0980_clodsire.png,https://raw.githubusercontent.com/PokeAPI/sprites/master/sprites/pokemon/other/official-artwork/980.png
981,981,키키링,farigiraf,generation-ix,0,0,normal|psychic,노말|에스퍼,3.2,160.0,120,90,70,110,70,60,520,data\images\0981_farigiraf.png,https://raw.githubusercontent.com/PokeAPI/sprites/master/sprites/pokemon/other/official-artwork/981.png
982,982,노고고치,dudunsparce,generation-ix,0,0,normal,노말,3.6,39.2,125,100,80,85,75,55,520,data\images\0982_dudunsparce.png,https://raw.githubusercontent.com/PokeAPI/sprites/master/sprites/pokemon/other/official-artwork/982.png
983,983,대도각참,kingambit,generation-ix,0,0,dark|steel,악|강철,2.0,120.0,100,135,120,60,85,50,550,data\images\0983_kingambit.png,https://raw.githubusercontent.com/PokeAPI/sprites/master/sprites/pokemon/other/official-artwork/983.png
984,984,위대한엄니,great-tusk,generation-ix,0,0,ground|fighting,땅|격투,2.2,320.0,115,131,131,53,53,87,570,data\images\0984_great_tusk.png,https://raw.githubusercontent.com/PokeAPI/sprites/master/sprites/pokemon/other/official-artwork/984.png
985,985,우렁찬꼬리,scream-tail,generation-ix,0,0,fairy|psychic,페어리|에스퍼,1.2,8.0,115,65,99,65,115,111,570,data\images\0985_scream_tail.png,https://raw.githubusercontent.com/PokeAPI/sprites/master/sprites/pokemon/other/official-artwork/985.png
986,986,사나운버섯,brute-bonnet,generation-ix,0,0,grass|dark,풀|악,1.2,21.0,111,127,99,79,99,55,570,data\images\0986_brute_bonnet.png,https://raw.githubusercontent.com/PokeAPI/sprites/master/sprites/pokemon/other/official-artwork/986.png
987,987,날개치는머리,flutter-mane,generation-ix,0,0,ghost|fairy,고스트|페어리,1.4,4.0,55,55,55,135,135,135,570,data\images\0987_flutter_mane.png,https://raw.githubusercontent.com/PokeAPI/sprites/master/sprites/pokemon/other/official-artwork/987.png
988,988,땅을기는날개,slither-wing,generation-ix,0,0,bug|fighting,벌레|격투,3.2,92.0,85,135,79,85,105,81,570,data\images\0988_slither_wing.png,https://raw.githubusercontent.com/PokeAPI/sprites/master/sprites/pokemon/other/official-artwork/988.png
989,989,모래털가죽,sandy-shocks,generation-ix,0,0,electric|ground,전기|땅,2.3,60.0,85,81,97,121,85,101,570,data\images\0989_sandy_shocks.png,https://raw.githubusercontent.com/PokeAPI/sprites/master/sprites/pokemon/other/official-artwork/989.png
990,990,무쇠바퀴,iron-treads,generation-ix,0,0,ground|steel,땅|강철,0.9,240.0,90,112,120,72,70,106,570,data\images\0990_iron_treads.png,https://raw.githubusercontent.com/PokeAPI/sprites/master/sprites/pokemon/other/official-artwork/990.png
991,991,무쇠보따리,iron-bundle,generation-ix,0,0,ice|water,얼음|물,0.6,11.0,56,80,114,124,60,136,570,data\images\0991_iron_bundle.png,https://raw.githubusercontent.com/PokeAPI/sprites/master/sprites/pokemon/other/official-artwork/991.png
992,992,무쇠손,iron-hands,generation-ix,0,0,fighting|electric,격투|전기,1.8,380.7,154,140,108,50,68,50,570,data\images\0992_iron_hands.png,https://raw.githubusercontent.com/PokeAPI/sprites/master/sprites/pokemon/other/official-artwork/992.png
993,993,무쇠머리,iron-jugulis,generation-ix,0,0,dark|flying,악|비행,1.3,111.0,94,80,86,122,80,108,570,data\images\0993_iron_jugulis.png,https://raw.githubusercontent.com/PokeAPI/sprites/master/sprites/pokemon/other/official-artwork/993.png
994,994,무쇠독나방,iron-moth,generation-ix,0,0,fire|poison,불꽃|독,1.2,36.0,80,70,60,140,110,110,570,data\images\0994_iron_moth.png,https://raw.githubusercontent.com/PokeAPI/sprites/master/sprites/pokemon/other/official-artwork/994.png
995,995,무쇠가시,iron-thorns,generation-ix,0,0,rock|electric,바위|전기,1.6,303.0,100,134,110,70,84,72,570,data\images\0995_iron_thorns.png,https://raw.githubusercontent.com/PokeAPI/sprites/master/sprites/pokemon/other/official-artwork/995.png
996,996,드니차,frigibax,generation-ix,0,0,dragon|ice,드래곤|얼음,0.5,17.0,65,75,45,35,45,55,320,data\images\0996_frigibax.png,https://raw.githubusercontent.com/PokeAPI/sprites/master/sprites/pokemon/other/official-artwork/996.png
997,997,드니꽁,arctibax,generation-ix,0,0,dragon|ice,드래곤|얼음,0.8,30.0,90,95,66,45,65,62,423,data\images\0997_arctibax.png,https://raw.githubusercontent.com/PokeAPI/sprites/master/sprites/pokemon/other/official-artwork/997.png
998,998,드닐레이브,baxcalibur,generation-ix,0,0,dragon|ice,드래곤|얼음,2.1,210.0,115,145,92,75,86,87,600,data\images\0998_baxcalibur.png,https://raw.githubusercontent.com/PokeAPI/sprites/master/sprites/pokemon/other/official-artwork/998.png
999,999,모으령,gimmighoul,generation-ix,0,0,ghost,고스트,0.3,5.0,45,30,70,75,70,10,300,data\images\0999_gimmighoul.png,https://raw.githubusercontent.com/PokeAPI/sprites/master/sprites/pokemon/other/official-artwork/999.png
1000,1000,타부자고,gholdengo,generation-ix,0,0,steel|ghost,강철|고스트,1.2,30.0,87,60,95,133,91,84,550,data\images\1000_gholdengo.png,https://raw.githubusercontent.com/PokeAPI/sprites/master/sprites/pokemon/other/official-artwork/1000.png
1001,1001,총지엔,wo-chien,generation-ix,1,0,dark|grass,악|풀,1.5,74.2,85,85,100,95,135,70,570,data\images\1001_wo_chien.png,https://raw.githubusercontent.com/PokeAPI/sprites/master/sprites/pokemon/other/official-artwork/1001.png
1002,1002,파오젠,chien-pao,generation-ix,1,0,dark|ice,악|얼음,1.9,152.2,80,120,80,90,65,135,570,data\images\1002_chien_pao.png,https://raw.githubusercontent.com/PokeAPI/sprites/master/sprites/pokemon/other/official-artwork/1002.png
1003,1003,딩루,ting-lu,generation-ix,1,0,dark|ground,악|땅,2.7,699.7,155,110,125,55,80,45,570,data\images\1003_ting_lu.png,https://raw.githubusercontent.com/PokeAPI/sprites/master/sprites/pokemon/other/official-artwork/1003.png
1004,1004,위유이,chi-yu,generation-ix,1,0,dark|fire,악|불꽃,0.4,4.9,55,80,80,135,120,100,570,data\images\1004_chi_yu.png,https://raw.githubusercontent.com/PokeAPI/sprites/master/sprites/pokemon/other/official-artwork/1004.png
1005,1005,고동치는달,roaring-moon,generation-ix,0,0,dragon|dark,드래곤|악,2.0,380.0,105,139,71,55,101,119,590,data\images\1005_roaring_moon.png,https://raw.githubusercontent.com/PokeAPI/sprites/master/sprites/pokemon/other/official-artwork/1005.png
1006,1006,무쇠무인,iron-valiant,generation-ix,0,0,fairy|fighting,페어리|격투,1.4,35.0,74,130,90,120,60,116,590,data\images\1006_iron_valiant.png,https://raw.githubusercontent.com/PokeAPI/sprites/master/sprites/pokemon/other/official-artwork/1006.png
1007,1007,코라이돈,koraidon,generation-ix,1,0,fighting|dragon,격투|드래곤,2.5,303.0,100,135,115,85,100,135,670,data\images\1007_koraidon.png,https://raw.githubusercontent.com/PokeAPI/sprites/master/sprites/pokemon/other/official-artwork/1007.png
1008,1008,미라이돈,miraidon,generation-ix,1,0,electric|dragon,전기|드래곤,3.5,240.0,100,85,100,135,115,135,670,data\images\1008_miraidon.png,https://raw.githubusercontent.com/PokeAPI/sprites/master/sprites/pokemon/other/official-artwork/1008.png
1009,1009,굽이치는물결,walking-wake,generation-ix,0,0,water|dragon,물|드래곤,3.5,280.0,99,83,91,125,83,109,590,data\images\1009_walking_wake.png,https://raw.githubusercontent.com/PokeAPI/sprites/master/sprites/pokemon/other/official-artwork/1009.png
1010,1010,무쇠잎새,iron-leaves,generation-ix,0,0,grass|psychic,풀|에스퍼,1.5,125.0,90,130,88,70,108,104,590,data\images\1010_iron_leaves.png,https://raw.githubusercontent.com/PokeAPI/sprites/master/sprites/pokemon/other/official-artwork/1010.png
1011,1011,과미르,dipplin,generation-ix,0,0,grass|dragon,풀|드래곤,0.4,9.7,80,80,110,95,80,40,485,data\images\1011_dipplin.png,https://raw.githubusercontent.com/PokeAPI/sprites/master/sprites/pokemon/other/official-artwork/1011.png
1012,1012,차데스,poltchageist,generation-ix,0,0,grass|ghost,풀|고스트,0.1,1.1,40,45,45,74,54,50,308,data\images\1012_poltchageist.png,https://raw.githubusercontent.com/PokeAPI/sprites/master/sprites/pokemon/other/official-artwork/1012.png
1013,1013,그우린차,sinistcha,generation-ix,0,0,grass|ghost,풀|고스트,0.2,2.2,71,60,106,121,80,70,508,data\images\1013_sinistcha.png,https://raw.githubusercontent.com/PokeAPI/sprites/master/sprites/pokemon/other/official-artwork/1013.png
1014,1014,조타구,okidogi,generation-ix,1,0,poison|fighting,독|격투,1.8,92.2,88,128,115,58,86,80,555,data\images\1014_okidogi.png,https://raw.githubusercontent.com/PokeAPI/sprites/master/sprites/pokemon/other/official-artwork/1014.png
1015,1015,이야후,munkidori,generation-ix,1,0,poison|psychic,독|에스퍼,1.0,12.2,88,75,66,130,90,106,555,data\images\1015_munkidori.png,https://raw.githubusercontent.com/PokeAPI/sprites/master/sprites/pokemon/other/official-artwork/1015.png
1016,1016,기로치,fezandipiti,generation-ix,1,0,poison|fairy,독|페어리,1.4,30.1,88,91,82,70,125,99,555,data\images\1016_fezandipiti.png,https://raw.githubusercontent.com/PokeAPI/sprites/master/sprites/pokemon/other/official-artwork/1016.png
1017,1017,오거폰,ogerpon,generation-ix,1,0,grass,풀,1.2,39.8,80,120,84,60,96,110,550,data\images\1017_ogerpon.png,https://raw.githubusercontent.com/PokeAPI/sprites/master/sprites/pokemon/other/official-artwork/1017.png
1018,1018,브리두라스,archaludon,generation-ix,0,0,steel|dragon,강철|드래곤,2.0,60.0,90,105,130,125,65,85,600,data\images\1018_archaludon.png,https://raw.githubusercontent.com/PokeAPI/sprites/master/sprites/pokemon/other/official-artwork/1018.png
1019,1019,과미드라,hydrapple,generation-ix,0,0,grass|dragon,풀|드래곤,1.8,93.0,106,80,110,120,80,44,540,data\images\1019_hydrapple.png,https://raw.githubusercontent.com/PokeAPI/sprites/master/sprites/pokemon/other/official-artwork/1019.png
1020,1020,꿰뚫는화염,gouging-fire,generation-ix,0,0,fire|dragon,불꽃|드래곤,3.5,590.0,105,115,121,65,93,91,590,data\images\1020_gouging_fire.png,https://raw.githubusercontent.com/PokeAPI/sprites/master/sprites/pokemon/other/official-artwork/1020.png
1021,1021,날뛰는우레,raging-bolt,generation-ix,0,0,electric|dragon,전기|드래곤,5.2,480.0,125,73,91,137,89,75,590,data\images\1021_raging_bolt.png,https://raw.githubusercontent.com/PokeAPI/sprites/master/sprites/pokemon/other/official-artwork/1021.png
1022,1022,무쇠암석,iron-boulder,generation-ix,0,0,rock|psychic,바위|에스퍼,1.5,162.5,90,120,80,68,108,124,590,data\images\1022_iron_boulder.png,https://raw.githubusercontent.com/PokeAPI/sprites/master/sprites/pokemon/other/official-artwork/1022.png
1023,1023,무쇠감투,iron-crown,generation-ix,0,0,steel|psychic,강철|에스퍼,1.6,156.0,90,72,100,122,108,98,590,data\images\1023_iron_crown.png,https://raw.githubusercontent.com/PokeAPI/sprites/master/sprites/pokemon/other/official-artwork/1023.png
1024,1024,테라파고스,terapagos,generation-ix,1,0,normal,노말,0.2,6.5,90,65,85,65,85,60,450,data\images\1024_terapagos.png,https://raw.githubusercontent.com/PokeAPI/sprites/master/sprites/pokemon/other/official-artwork/1024.png
1025,1025,복숭악동,pecharunt,generation-ix,0,1,poison|ghost,독|고스트,0.3,0.3,88,88,160,88,88,88,600,data\images\1025_pecharunt.png,https://raw.githubusercontent.com/PokeAPI/sprites/master/sprites/pokemon/other/official-artwork/1025.png
